credit.policy,purpose,int.rate,installment,log.annual.inc,dti,fico,days.with.cr.line,revol.bal,revol.util,inq.last.6mths,delinq.2yrs,pub.rec,not.fully.paid
,,0.1513,451.48,11.26446411,29.28,,,61057.0,80.7,3.0,,0.0,0.0
1.0,major_purchase,,,,,,6419.958333,40741.0,50.3,,0.0,,1.0
,credit_card,,,11.30220443,,,,981.0,,7.0,,,1.0
,all_other,0.1284,,,2.08,687.0,4139.958333,,38.6,,0.0,0.0,1.0
,,0.1496,,11.40756495,,687.0,3509.958333,53896.0,96.8,0.0,,0.0,
,,0.1287,,,17.93,,,,94.5,0.0,,0.0,0.0
1.0,,0.0894,57.19,10.53209621,21.54,,3179.958333,2940.0,,5.0,0.0,,0.0
0.0,debt_consolidation,,199.2,10.77895629,15.38,,4229.958333,4956.0,,,0.0,0.0,
0.0,,0.1475,103.63,,5.23,652.0,,2060.0,12.7,0.0,,0.0,0.0
,all_other,,,,17.42,,5700.041667,,16.4,0.0,3.0,,0.0
,,0.1183,662.68,,14.67,747.0,,8156.0,,,0.0,,0.0
0.0,,,164.32,,17.94,717.0,4290.0,260.0,7.6,,0.0,1.0,0.0
1.0,all_other,,,10.34817337,5.73,,2220.0,1092.0,,0.0,,0.0,0.0
,debt_consolidation,0.0932,,,,,4230.0,,,0.0,,0.0,0.0
,,,,12.50617724,,,,,,5.0,,0.0,1.0
,,0.1218,807.53,,17.65,,,,35.3,,,0.0,
1.0,,0.1461,,10.6454249,15.09,672.0,,,80.7,,0.0,0.0,
,credit_card,,256.96,11.21182037,,772.0,6419.958333,,,0.0,,0.0,
1.0,debt_consolidation,0.1114,433.01,,,,,,,1.0,,0.0,
1.0,,0.1461,,10.59663473,,687.0,2250.0,21668.0,87.4,,0.0,0.0,
,all_other,,199.55,11.3224427,,,3030.041667,23958.0,,,0.0,,0.0
,,0.08,188.02,10.18490001,12.14,,,1491.0,5.5,,0.0,0.0,0.0
,,0.1261,,,,,,,,,0.0,,
0.0,,,,11.26070062,22.9,,,,,,0.0,1.0,
1.0,,,,,10.14,,,6435.0,,0.0,0.0,0.0,
1.0,,,,11.04292184,5.82,,,773.0,4.8,0.0,,,0.0
0.0,,0.1418,51.4,10.37972173,,642.0,7920.041667,0.0,,,1.0,,0.0
,,,,,,702.0,5490.0,,,,0.0,1.0,0.0
1.0,,,311.11,10.22034,18.97,,2550.0,,83.3,,,0.0,0.0
,,,215.34,11.1123882,16.25,,4859.958333,,49.9,,,,0.0
,,0.1422,,,2.4,,,1088.0,51.8,1.0,,,
1.0,debt_consolidation,,95.85,,11.77,,,,36.1,1.0,,0.0,0.0
,educational,0.1347,508.84,,,712.0,,18231.0,97.0,,0.0,0.0,0.0
,small_business,,,,,,3390.0,,66.7,,0.0,,1.0
1.0,credit_card,0.1039,,,,692.0,3090.0,14350.0,,,,,
1.0,,0.1513,680.69,11.22524339,19.36,662.0,,20658.0,55.4,0.0,,,0.0
1.0,,0.1059,650.9,,11.96,,5070.0,,97.7,,0.0,0.0,
,,,836.66,11.33857208,,,,25036.0,45.4,,0.0,0.0,0.0
,,,196.52,10.59663473,13.44,692.0,,,73.9,4.0,0.0,,0.0
1.0,,0.1292,,,,,3889.0,,,3.0,0.0,,
,,0.1442,,11.68687877,,,14191.0,,83.2,,,,0.0
1.0,small_business,0.1357,161.36,,,787.0,,,,0.0,0.0,0.0,
0.0,debt_consolidation,0.147,,,,,599.9583333,,,0.0,0.0,0.0,
1.0,credit_card,,,12.06681058,15.43,687.0,5249.958333,,,1.0,,1.0,
0.0,all_other,,98.8,9.472704636,,672.0,959.0416667,474.0,11.8,0.0,0.0,,0.0
,credit_card,,72.71,,,,,1868.0,22.8,1.0,0.0,0.0,0.0
,,,,,14.25,702.0,,,59.7,2.0,0.0,,0.0
,,0.0963,,,3.19,,,8035.0,,1.0,0.0,0.0,0.0
1.0,,,566.04,11.26446411,,,,,89.2,,,,0.0
,,,,,17.5,677.0,2761.041667,16422.0,76.6,0.0,,,
1.0,,0.1347,508.84,,14.34,712.0,,8644.0,,,0.0,0.0,0.0
1.0,debt_consolidation,0.1537,871.16,11.16902571,17.69,697.0,,,92.2,0.0,0.0,0.0,0.0
1.0,home_improvement,0.0743,,,0.0,,,6053.0,,0.0,,0.0,0.0
,all_other,0.0894,190.63,,,727.0,,2489.0,15.6,0.0,,,0.0
1.0,small_business,0.1316,,11.91839057,,,,85892.0,,,,,0.0
1.0,,0.0768,165.32,,0.58,812.0,,,,,0.0,,
1.0,credit_card,0.1189,258.68,,9.63,,,3501.0,,1.0,0.0,,
1.0,,,177.02,,12.15,,6600.0,,,3.0,0.0,,1.0
,,0.1505,260.19,11.37939407,,,,,93.7,,,0.0,
1.0,,0.1253,,,,717.0,4380.0,,,0.0,0.0,0.0,
,all_other,,95.87,10.50780352,2.69,,,,,2.0,0.0,0.0,0.0
1.0,educational,0.1114,164.02,,10.32,732.0,,,7.9,,0.0,0.0,0.0
1.0,,0.1531,,10.47333652,19.65,,3810.041667,11705.0,,,0.0,,0.0
,,,874.66,,,,,,76.7,1.0,0.0,0.0,
,,0.1103,327.53,,,697.0,2370.041667,,30.1,,,,
,,0.1316,,,17.96,,3240.041667,754.0,9.5,1.0,,,
,all_other,0.0894,444.81,11.00209984,20.82,757.0,8985.958333,946.0,,1.0,,,0.0
,debt_consolidation,0.1357,84.93,,7.89,672.0,,,17.8,,,0.0,
,debt_consolidation,,313.37,,23.01,,5250.041667,,13.9,0.0,0.0,0.0,
,major_purchase,,,,1.76,,2310.041667,,,,0.0,,0.0
,all_other,0.1442,51.58,11.23537852,11.4,,,457.0,18.0,,0.0,,
1.0,,,,10.71894086,,732.0,2400.0,,12.6,,,0.0,
0.0,debt_consolidation,,669.33,11.39751461,,727.0,12599.95833,25076.0,57.7,,,0.0,
1.0,debt_consolidation,0.1695,534.41,,22.85,,,,,,0.0,0.0,0.0
,all_other,0.1001,,,18.85,737.0,,,,1.0,0.0,0.0,
1.0,debt_consolidation,0.0859,,,20.7,757.0,3330.041667,,,0.0,,0.0,0.0
1.0,,0.1496,,,,,,9805.0,,,,,0.0
1.0,,,342.29,11.00209984,,,3090.041667,,23.3,,,,1.0
,major_purchase,0.1186,530.36,,,682.0,3900.0,,4.8,,,,1.0
,,0.1287,420.42,,17.61,,2039.958333,13441.0,,,0.0,0.0,
1.0,all_other,,845.02,10.91806585,0.0,,3933.041667,0.0,0.0,1.0,,,
,debt_consolidation,0.0945,128.04,,17.63,722.0,4320.0,,,,0.0,1.0,
,all_other,,,11.26446411,8.86,647.0,2910.0,,,8.0,,0.0,
,,0.1438,89.35,10.6454249,,,5549.0,4139.0,52.4,,,1.0,
0.0,,,189.32,,4.89,642.0,,,,,0.0,,
1.0,all_other,0.0859,63.23,,15.96,,,,,,0.0,,0.0
,,,,,,,,,57.3,,,0.0,
,,,207.87,10.858999,,662.0,,,,,,,0.0
,,,55.26,9.210340372,,,1710.0,5704.0,80.3,0.0,0.0,0.0,
,home_improvement,,,11.28978191,0.54,797.0,,429.0,,0.0,,0.0,0.0
,,0.1148,,10.78931908,,707.0,2550.0,3522.0,,,,,
1.0,,0.1114,368.22,,,,3600.0,13243.0,68.2,2.0,0.0,,0.0
1.0,all_other,0.0894,,10.1266311,16.56,,,,1.9,,,0.0,
,educational,,,,14.31,792.0,,,0.0,0.0,0.0,,0.0
,debt_consolidation,0.1189,,,,727.0,5130.0,7642.0,,,,0.0,0.0
,debt_consolidation,0.1114,,10.30895266,,737.0,,,21.7,,,0.0,1.0
,debt_consolidation,0.1218,,11.26968124,18.26,,7320.0,32207.0,61.7,3.0,,0.0,0.0
,debt_consolidation,0.1183,,,15.91,702.0,2970.041667,,,,0.0,0.0,0.0
0.0,,,167.34,11.87756858,8.5,702.0,3780.041667,172842.0,69.14,2.0,,0.0,0.0
,debt_consolidation,0.1186,265.17,11.05089001,10.42,,6388.958333,7406.0,,14.0,0.0,0.0,
,,0.0894,,11.69524702,,782.0,,,31.7,,,,
1.0,debt_consolidation,0.0863,,,2.74,,2310.041667,,40.1,,,0.0,0.0
0.0,credit_card,,,10.30895266,1.92,,,,,1.0,,0.0,0.0
0.0,,,435.58,11.53272809,14.8,652.0,,52775.0,69.7,,0.0,,
,,0.1189,,,,757.0,,,,2.0,0.0,,
1.0,,,,,,,,,99.3,,,,
0.0,all_other,0.1322,,,16.83,707.0,,,,,0.0,,
1.0,all_other,,514.48,,,742.0,,,27.3,,,,
0.0,all_other,0.1635,211.98,,10.6,667.0,,4511.0,63.5,,,0.0,
1.0,debt_consolidation,0.1095,,,8.13,,,18001.0,3.4,,0.0,0.0,0.0
1.0,debt_consolidation,,158.5,,20.45,,,11781.0,58.9,,0.0,0.0,
,home_improvement,,149.4,,,,5159.958333,,,1.0,1.0,,
,debt_consolidation,,,,,,7020.0,19892.0,67.0,1.0,,1.0,0.0
1.0,,0.0859,105.9,11.00209984,22.54,727.0,,32143.0,61.7,,,0.0,
,,,425.56,11.57119437,16.36,722.0,,,65.6,,,0.0,
1.0,educational,,110.64,10.38899537,,737.0,2160.0,,,,,0.0,0.0
1.0,debt_consolidation,0.0859,,,,742.0,,,,1.0,0.0,0.0,
,debt_consolidation,0.1392,682.74,11.28603741,,,,,79.9,0.0,,0.0,
,debt_consolidation,,,,,,,12897.0,,0.0,,0.0,
1.0,,,388.71,10.92593848,,687.0,,,,3.0,0.0,0.0,
,debt_consolidation,,506.56,10.87161143,6.52,,3630.0,10372.0,,,0.0,0.0,0.0
,,0.1189,,,3.06,752.0,3750.0,4498.0,,,,0.0,
1.0,,0.0832,,10.1960079,,,,5134.0,13.7,1.0,,,
,major_purchase,,,,,,,4336.0,,1.0,0.0,,0.0
1.0,debt_consolidation,,102.74,,,,,1215.0,32.8,1.0,0.0,0.0,1.0
,all_other,,84.05,,17.17,,,1687.0,,,,,
,all_other,,250.69,,12.63,712.0,,,,,,0.0,0.0
,credit_card,,,,19.88,757.0,2280.041667,1781.0,35.6,,,0.0,
,credit_card,,343.06,11.77528973,7.5,677.0,,12907.0,52.9,3.0,,0.0,
1.0,debt_consolidation,,284.47,11.01856357,,,2459.958333,9836.0,69.8,1.0,0.0,0.0,
1.0,,0.1316,,10.96819829,,,,,,0.0,0.0,0.0,
1.0,credit_card,,,,,712.0,7139.041667,21006.0,95.0,0.0,0.0,,0.0
1.0,debt_consolidation,0.1166,,10.4341158,23.96,,,,,,0.0,0.0,
1.0,,0.0894,,,16.63,,,,,2.0,0.0,0.0,0.0
,small_business,,,11.38736224,,,,,44.3,3.0,,0.0,0.0
,all_other,,319.47,10.91508846,0.39,782.0,4710.0,99.0,,1.0,,0.0,
1.0,debt_consolidation,0.1474,,10.30895266,16.04,677.0,,2640.0,80.0,0.0,0.0,0.0,0.0
,debt_consolidation,0.1183,,12.03171926,11.42,762.0,,,39.5,0.0,0.0,0.0,0.0
1.0,,,340.76,,,692.0,,1400.0,,,1.0,,0.0
,,,397.61,,,,,,,2.0,0.0,,
,home_improvement,0.1392,573.5,11.09522582,17.49,,4620.041667,19158.0,64.7,1.0,,,
,debt_consolidation,,331.64,11.40756495,,,6809.958333,32678.0,,0.0,,1.0,
,,0.1114,,,,,3690.0,,,0.0,,0.0,
,,0.0963,401.18,,2.83,,4799.958333,,,1.0,,,
,,,523.77,10.54534144,20.18,722.0,4830.0,,33.8,,0.0,0.0,
,all_other,0.1253,,10.88743693,10.56,747.0,,,,,,0.0,
,,,346.45,,,672.0,,,82.8,,,0.0,
,major_purchase,0.1099,785.65,,15.69,,4845.0,14065.0,38.9,1.0,,,0.0
,all_other,0.092,,11.48246626,19.6,,12240.04167,40904.0,34.4,12.0,,0.0,
,major_purchase,0.0768,49.91,,4.64,,12391.0,2753.0,,0.0,,,0.0
,major_purchase,0.0859,158.06,,2.35,747.0,8160.041667,,,,0.0,0.0,0.0
1.0,debt_consolidation,0.1158,379.66,10.76308094,23.7,,,,,1.0,0.0,0.0,
,small_business,,678.9,11.40756495,,,,34039.0,,,,0.0,0.0
1.0,home_improvement,0.1126,328.64,,14.93,,,,35.8,,,,0.0
,,0.08,,10.95080655,,,,60506.0,31.9,,0.0,,0.0
1.0,,,100.4,10.30895266,17.8,697.0,,1568.0,,,,,0.0
,,,104.81,,12.0,,,,108.8,0.0,,0.0,
,,,,10.53049493,7.72,,1680.0,0.0,,,0.0,0.0,
,,0.0976,241.16,10.02552818,,,,7313.0,,,0.0,0.0,1.0
,credit_card,,,11.39184199,22.69,,4889.958333,27806.0,32.3,,,0.0,0.0
1.0,all_other,0.0768,,,,747.0,,,16.7,0.0,0.0,,0.0
1.0,,0.1189,132.66,10.29336514,5.81,,1890.0,,0.9,,0.0,,
,credit_card,,363.7,11.05089001,,717.0,,,,10.0,0.0,0.0,
1.0,small_business,0.1695,,10.75790288,,,5640.0,5330.0,82.0,0.0,,,
,all_other,0.0859,316.11,,,,,,4.7,,0.0,0.0,
,,0.1253,,10.30895266,,682.0,2520.0,,22.3,,1.0,,0.0
,debt_consolidation,,,10.59663473,18.65,,3210.0,,79.1,6.0,0.0,0.0,
1.0,,0.1316,445.77,11.00209984,7.26,,,,,0.0,,0.0,0.0
,,0.1635,,,18.13,717.0,,,,0.0,,,0.0
1.0,,,,,5.06,722.0,6389.958333,,,0.0,,0.0,
0.0,,,141.76,,10.68,652.0,390.0,2942.0,,6.0,,,
,home_improvement,,,,,677.0,3120.0,669.0,,0.0,0.0,0.0,
1.0,debt_consolidation,0.1166,178.49,,,,4505.958333,,,,1.0,0.0,0.0
1.0,debt_consolidation,,320.47,9.574983486,,,1321.041667,,,,0.0,0.0,0.0
,,0.1183,331.34,10.46321762,24.13,,,,,,0.0,,1.0
,all_other,0.1537,174.24,,4.23,,,,22.6,1.0,,0.0,0.0
,debt_consolidation,0.1347,407.08,12.66032792,10.05,,9060.0,,67.0,1.0,,0.0,0.0
,small_business,,,,21.88,737.0,,,25.0,3.0,,,1.0
1.0,credit_card,,261.72,,17.54,,,4034.0,67.2,,,,0.0
1.0,,0.1287,336.34,10.4341158,,707.0,5100.0,,,1.0,0.0,0.0,
1.0,all_other,,314.21,,19.26,,,,0.0,,,,
1.0,all_other,,,,11.85,662.0,2639.958333,,,,0.0,,0.0
0.0,credit_card,0.1025,466.35,,,,,338935.0,,,,,0.0
1.0,debt_consolidation,,,11.2771525,7.53,722.0,,20237.0,32.7,,,0.0,0.0
,,0.1719,,10.83958091,4.8,,,,,0.0,0.0,,0.0
,debt_consolidation,0.0859,,9.903487553,,,,3406.0,9.8,1.0,,0.0,0.0
1.0,,,263.89,10.26813067,19.83,,,,,,0.0,0.0,
,educational,0.1218,432.9,11.15625052,3.36,717.0,5070.0,8535.0,,0.0,,0.0,0.0
,debt_consolidation,,,10.30895266,,732.0,2670.041667,,,,,0.0,0.0
1.0,all_other,0.1218,,,3.44,707.0,3540.041667,1815.0,62.6,0.0,0.0,,
,,0.1253,83.67,10.81985828,,682.0,,3510.0,,,,,0.0
1.0,,,,10.4341158,1.52,707.0,,4699.0,,1.0,1.0,0.0,0.0
,,,,11.51292546,,,3599.958333,86429.0,37.8,0.0,0.0,0.0,1.0
,,,,,13.14,,9503.958333,56967.0,28.3,,,,0.0
,,,62.44,10.23995979,,,,5121.0,,,,0.0,
1.0,,0.1253,,,,702.0,,,25.5,2.0,,1.0,
,,0.16,421.89,,0.33,662.0,13080.0,12683.0,34.8,0.0,1.0,1.0,
,all_other,,,11.34398597,1.73,,3767.041667,2403.0,22.0,,,,
,,0.1178,,,,,,,33.4,,,0.0,0.0
,,,,11.22524339,,,3330.0,,,,,1.0,
,major_purchase,,98.15,10.98026315,7.4,,,11855.0,,,1.0,0.0,
1.0,all_other,0.1357,,10.08580911,17.5,682.0,2670.0,,,,,0.0,
,educational,0.1191,216.45,10.83467754,,707.0,5669.958333,,50.7,,0.0,,
,credit_card,,165.23,,19.75,,,9976.0,75.6,3.0,,,
,small_business,,300.46,10.49127422,22.53,,2609.0,2066.0,18.1,4.0,0.0,,
,,,,10.59663473,,,,,,,0.0,0.0,0.0
,,0.1221,333.15,10.71441777,0.0,707.0,2640.0,4924.0,23.8,,1.0,0.0,
,,0.1062,455.84,,,,,7292.0,65.1,,0.0,,0.0
,debt_consolidation,0.1183,,,,,,,,,0.0,0.0,0.0
,,,207.31,,26.88,702.0,,,71.6,0.0,0.0,0.0,
,debt_consolidation,0.1533,,,,,4800.0,,,0.0,,0.0,
,all_other,,,,3.0,707.0,930.0416667,447.0,,1.0,0.0,0.0,
,,0.0859,,10.65282601,12.11,,,,0.3,0.0,0.0,0.0,0.0
0.0,,0.1565,419.84,,,692.0,,,,0.0,0.0,0.0,
0.0,debt_consolidation,,,,,,539.9583333,,,4.0,0.0,0.0,
,home_improvement,,,11.26446411,13.82,,,737.0,5.7,,0.0,,0.0
,,,316.11,,3.42,752.0,,6593.0,31.2,0.0,0.0,,
1.0,debt_consolidation,,,10.49127422,9.87,,,,,,,0.0,0.0
1.0,,0.0775,62.45,,,,,949.0,55.8,1.0,0.0,0.0,1.0
,,,,,,,,,,,0.0,0.0,0.0
1.0,debt_consolidation,,,10.71441777,16.67,,,,,,0.0,0.0,0.0
,,,836.66,11.6351431,,727.0,,22180.0,,2.0,,0.0,
1.0,,0.1189,530.63,11.26446411,,,,16578.0,44.8,,,0.0,
0.0,,0.1982,926.83,,,737.0,12209.95833,,,,,,
,,0.0894,,,9.6,,,193.0,7.4,0.0,0.0,0.0,1.0
1.0,,0.1218,,11.59542669,12.25,727.0,,,87.4,,0.0,,0.0
1.0,all_other,,,11.71993963,5.84,662.0,6210.0,,,,,,
,,0.1284,,,,,,0.0,0.0,,,0.0,1.0
,small_business,0.1704,,11.54248427,,,,,,0.0,,0.0,
,debt_consolidation,0.0963,38.52,,16.67,,,1203.0,,,,0.0,
,debt_consolidation,0.1284,262.22,,16.77,697.0,5850.0,,,0.0,,0.0,0.0
1.0,,0.0768,109.17,10.858999,7.57,762.0,7831.0,1369.0,,,1.0,0.0,
0.0,,0.1407,,,,642.0,2339.0,,,2.0,0.0,,
,all_other,,239.49,,14.92,652.0,3720.0,0.0,,,2.0,,0.0
1.0,,,,10.23995979,23.14,752.0,,,0.8,,,0.0,
1.0,debt_consolidation,0.0964,160.51,11.77528973,8.55,,5940.0,20969.0,40.2,,,0.0,
,,0.1355,,11.3083583,10.95,,,,21.1,0.0,0.0,0.0,0.0
1.0,major_purchase,0.0988,154.61,10.858999,,722.0,2670.041667,16062.0,57.4,,,0.0,
0.0,debt_consolidation,0.1461,189.62,,4.02,722.0,2910.0,4200.0,,,0.0,0.0,
,,0.1311,80.99,10.08580911,,697.0,3630.0,1060.0,,,,0.0,
1.0,home_improvement,,,,4.91,742.0,,9562.0,70.4,2.0,,0.0,
,,0.128,67.2,9.903487553,,652.0,1830.0,1123.0,23.1,,,0.0,1.0
0.0,,0.1122,,,15.0,687.0,,,72.4,,,0.0,0.0
0.0,,0.1197,,11.38509209,20.84,,,44040.0,,17.0,0.0,1.0,1.0
1.0,,0.1218,,,9.99,742.0,,22915.0,,1.0,0.0,,
1.0,debt_consolidation,,,11.31447453,,,,,,1.0,,0.0,
1.0,,0.1348,407.09,11.56171563,,,,,13.9,,,0.0,0.0
1.0,,,67.68,,22.0,662.0,1470.0,,,3.0,1.0,0.0,
,debt_consolidation,,771.28,11.14186178,24.52,662.0,,16491.0,,1.0,1.0,0.0,1.0
1.0,,,94.01,,,737.0,1229.958333,,,2.0,,0.0,
,debt_consolidation,,,,15.14,707.0,,39702.0,84.5,,,0.0,
,all_other,0.0963,385.14,,9.26,752.0,,,,0.0,0.0,0.0,
1.0,credit_card,0.1134,213.85,,,687.0,,6236.0,,2.0,,,
1.0,debt_consolidation,,,,,,,2970.0,,,,0.0,0.0
1.0,,,659.37,,,,,15571.0,8.7,,0.0,,0.0
,,,,,,662.0,1080.0,,,2.0,0.0,0.0,
,debt_consolidation,,,,,687.0,,17386.0,84.4,,0.0,0.0,0.0
0.0,,,41.5,8.699514748,,637.0,,,,1.0,1.0,0.0,0.0
1.0,debt_consolidation,0.1114,196.83,,13.17,,2550.0,,,3.0,,0.0,
0.0,credit_card,0.1324,,9.740968623,6.99,657.0,,5734.0,59.1,,0.0,0.0,
1.0,debt_consolidation,0.1183,,,2.09,,4590.041667,,,,,0.0,0.0
1.0,,0.1083,,,5.52,722.0,,,,,,,0.0
,,0.1913,110.17,11.00209984,1.08,702.0,,1965.0,,0.0,0.0,1.0,0.0
,debt_consolidation,0.1114,,,9.9,732.0,,,,0.0,,0.0,
0.0,major_purchase,,,10.73630972,,,2729.958333,,,,0.0,0.0,0.0
,all_other,0.1114,360.84,,1.54,,4259.958333,14617.0,,0.0,0.0,0.0,
1.0,credit_card,,,10.16585182,16.06,,7532.958333,,22.4,0.0,0.0,0.0,
,all_other,0.1322,,11.51292546,,,,4533.0,14.3,,,0.0,
,debt_consolidation,0.1537,,,,,1728.0,13212.0,71.0,,0.0,0.0,
,debt_consolidation,,,,,,7500.958333,23762.0,,2.0,,0.0,
,debt_consolidation,,,,,,5730.0,,,1.0,0.0,0.0,0.0
,,0.1426,462.27,10.46310334,22.11,687.0,,,93.1,,0.0,0.0,1.0
,,0.1311,,,22.43,,5490.0,10337.0,61.9,0.0,,0.0,
1.0,all_other,0.1148,,10.49127422,0.5,,2460.0,,,,0.0,,
1.0,debt_consolidation,,,,,,,30564.0,,,,0.0,0.0
1.0,,0.0859,,,14.84,737.0,,,,,,0.0,0.0
1.0,all_other,0.1496,221.74,11.1844214,,,2614.0,,61.7,,0.0,0.0,
0.0,debt_consolidation,0.1438,,11.30958454,19.49,,2340.041667,5191.0,48.1,,,0.0,
,,,,,,667.0,5970.041667,39476.0,78.3,0.0,0.0,,
,debt_consolidation,,156.41,10.62132735,14.84,722.0,,,,,0.0,0.0,
,credit_card,,167.24,12.10071213,21.35,692.0,6046.958333,222702.0,,,0.0,,
1.0,debt_consolidation,,173.46,10.20359214,,,,,95.1,,,0.0,
1.0,debt_consolidation,,,11.60823564,,667.0,,,,,0.0,0.0,0.0
1.0,,,390.54,,19.84,,,7336.0,,,0.0,0.0,0.0
,all_other,0.1221,333.15,,10.45,702.0,,17328.0,,,,0.0,1.0
1.0,all_other,0.074,,,,777.0,,,0.0,,0.0,,
1.0,,0.0894,155.69,10.81977828,,,,5076.0,22.7,,0.0,0.0,
,,,88.65,11.69524702,,742.0,,8155.0,,,0.0,,
1.0,,0.1114,157.46,10.46310334,,,3570.0,14480.0,56.7,,0.0,0.0,0.0
1.0,,0.1531,696.31,,9.1,,,20249.0,93.3,0.0,,,0.0
,credit_card,0.1322,365.05,10.95080655,,,3660.0,31861.0,,,,0.0,0.0
1.0,credit_card,0.0838,167.02,,,,,,,,0.0,,0.0
1.0,,0.1316,515.0,,17.68,,,,,,0.0,0.0,0.0
,credit_card,,409.73,,,,,,,0.0,0.0,0.0,
,,,417.17,10.54534144,,,2489.0,,,2.0,,0.0,
0.0,,,,11.00209984,11.56,,3614.0,,,,,0.0,
1.0,debt_consolidation,,,,,737.0,4589.958333,,68.5,1.0,0.0,0.0,
1.0,,0.1793,,11.77528973,,,,,84.4,,,,0.0
,,,,10.91508846,,,,2054.0,11.4,0.0,,0.0,
,,0.1287,807.2,12.61153775,,,,,,,,,
1.0,all_other,,287.53,11.35035948,0.0,812.0,,1343.0,3.1,,,0.0,
,,,296.2,10.29282328,,,,,98.3,,,1.0,0.0
0.0,debt_consolidation,,,9.903487553,,677.0,,661.0,,4.0,,0.0,
,,,420.02,,,,3000.041667,,,,0.0,,
1.0,,0.1322,,11.77528973,16.99,702.0,,33756.0,82.3,0.0,,0.0,
0.0,,0.1442,240.68,11.51292546,3.18,732.0,,15222.0,,,0.0,0.0,0.0
,,,,10.1266311,,677.0,1410.0,5285.0,60.1,,,0.0,0.0
1.0,debt_consolidation,0.1136,378.48,10.30895266,22.68,702.0,,946.0,,1.0,,0.0,0.0
1.0,,0.128,,10.14564911,,662.0,,,72.3,,1.0,,
1.0,credit_card,,,10.74720759,16.0,,6750.041667,,90.0,,3.0,,0.0
,all_other,,275.81,11.01862914,12.59,667.0,2280.041667,,70.3,,,,1.0
1.0,credit_card,,319.47,,20.07,752.0,6210.0,,,,0.0,,
0.0,,,181.5,11.00209984,27.14,642.0,,37962.0,,,,0.0,
1.0,,0.1287,94.18,,,682.0,4289.958333,,,1.0,,0.0,1.0
,,,,,9.5,,,13405.0,,,0.0,,1.0
1.0,all_other,,,10.93310697,,717.0,4478.0,9880.0,,,0.0,,0.0
,,,196.83,,,782.0,,906.0,11.6,,,0.0,0.0
,,,164.85,,3.54,712.0,5130.0,10842.0,,1.0,0.0,1.0,
,home_improvement,,82.54,,19.87,697.0,,,,,,,0.0
0.0,,0.1253,602.4,,,717.0,,12220.0,76.8,5.0,0.0,,
,,0.0714,309.4,11.21182037,,,,,14.7,,0.0,0.0,
0.0,,0.1545,645.4,11.1611812,28.78,,7529.041667,69744.0,,,,0.0,
,all_other,,799.56,,,,,351453.0,,0.0,,,1.0
,,,,11.41861479,,707.0,3331.0,11336.0,,2.0,,,0.0
,,,,11.04292184,15.76,,,,87.6,3.0,0.0,,0.0
1.0,,0.1322,,,10.59,707.0,4860.0,10730.0,95.8,,0.0,,0.0
1.0,credit_card,,,9.392661929,,,,,31.9,1.0,0.0,0.0,0.0
,home_improvement,,,,11.85,,,,16.8,,,,
,debt_consolidation,0.1253,686.06,,17.38,,,,78.2,,,0.0,
,all_other,,,,21.34,642.0,5880.0,,,24.0,,,
1.0,,,,,11.24,687.0,3270.0,7432.0,53.9,,,,
1.0,credit_card,,636.8,12.61153775,6.77,717.0,3870.041667,,20.8,,,0.0,
,debt_consolidation,,461.56,10.91508846,,,,9646.0,,,,0.0,0.0
,,0.1531,,,,672.0,,455.0,18.2,6.0,0.0,,
,,,,11.15625052,0.82,,,2401.0,,,0.0,,0.0
,,,,,,662.0,,5617.0,,,0.0,,1.0
1.0,educational,,,,6.15,707.0,,,69.2,,,0.0,0.0
,all_other,0.1531,,10.42821608,,712.0,,1867.0,66.7,,0.0,,
,,0.0945,,,,732.0,,,35.7,1.0,,0.0,
,debt_consolidation,,,10.88743693,19.87,667.0,,17176.0,,,0.0,0.0,1.0
,debt_consolidation,,,12.04355372,,,9599.958333,119451.0,,,,0.0,0.0
,all_other,0.0775,307.53,,,,,1790.0,4.5,,,0.0,
,home_improvement,,263.68,,11.53,,5009.958333,10692.0,,5.0,,0.0,
,all_other,,297.99,,,,8717.958333,,9.6,,0.0,0.0,0.0
,,0.1531,313.34,,,662.0,6960.0,5776.0,,,0.0,,
1.0,debt_consolidation,0.1347,237.46,,9.65,,3678.0,17349.0,,0.0,0.0,0.0,
,,,274.45,11.21721122,,,,,97.7,1.0,0.0,0.0,1.0
1.0,,0.1426,,,,,,,64.3,0.0,,0.0,0.0
,,,,,22.06,,,22969.0,23.8,,,,
,all_other,0.1347,169.62,,,687.0,5550.0,0.0,0.0,1.0,,,
1.0,,0.1357,,,18.22,,4440.041667,16121.0,39.1,0.0,,0.0,1.0
,debt_consolidation,0.16,421.89,,11.33,662.0,2730.0,,,2.0,0.0,0.0,
,all_other,0.1474,51.81,,,667.0,,1781.0,,,0.0,,
0.0,,0.1324,,,25.07,,4590.0,13913.0,43.0,,,,
,credit_card,0.1148,,11.22524339,,,4110.041667,,59.5,3.0,0.0,,
0.0,debt_consolidation,0.1355,,,,652.0,6300.0,3341.0,19.8,3.0,1.0,0.0,0.0
,debt_consolidation,0.1316,202.63,,20.02,,3240.0,18634.0,70.6,,,0.0,
1.0,,0.0894,293.89,10.08580911,,737.0,,6738.0,28.2,,,0.0,1.0
,debt_consolidation,,,,1.35,,780.0,2864.0,81.6,,,0.0,1.0
1.0,all_other,0.074,99.39,11.17043516,,,,,2.0,2.0,0.0,0.0,0.0
1.0,all_other,,252.89,,9.45,,6540.0,,41.4,2.0,0.0,,
,,0.1347,72.94,,15.01,,4050.0,,51.4,,,0.0,
1.0,debt_consolidation,,103.94,,23.84,677.0,1410.0,,45.0,,,0.0,
1.0,,0.1096,,10.70826555,17.41,732.0,,886.0,,3.0,,0.0,0.0
1.0,,,66.94,10.37349118,,,,,,,,,1.0
,,,,11.91839057,2.5,,5069.958333,3267.0,12.1,0.0,0.0,,0.0
1.0,,0.1253,334.67,10.41271189,18.5,,,,29.8,3.0,0.0,0.0,
,,0.1229,490.29,,,702.0,,,43.1,2.0,,0.0,1.0
1.0,debt_consolidation,0.1316,709.18,,,702.0,10590.0,11956.0,71.1,,,1.0,
1.0,home_improvement,,588.85,10.89302875,,,3690.0,77.0,0.7,,,0.0,1.0
1.0,debt_consolidation,,,,19.93,737.0,4890.041667,,,,,0.0,
1.0,,,,,,772.0,9870.0,7744.0,,,0.0,0.0,
,small_business,0.1189,,,,717.0,5520.0,2548.0,8.4,,,,
,debt_consolidation,0.1355,271.68,,,,4559.041667,1053.0,,7.0,3.0,0.0,
1.0,debt_consolidation,0.1114,461.71,10.08580911,,752.0,,,29.0,,,0.0,
1.0,all_other,,,10.46310334,12.75,,3450.041667,,,,0.0,,0.0
1.0,,0.0838,315.12,11.15051985,14.03,,,,45.5,5.0,0.0,,0.0
,,0.1459,372.23,10.13062313,,677.0,4682.0,,24.1,0.0,,,0.0
1.0,debt_consolidation,0.1392,,,21.49,,,,67.7,,0.0,0.0,
1.0,,,,11.03488966,20.69,727.0,7355.0,,2.2,2.0,,0.0,0.0
1.0,,,,10.91508846,7.29,747.0,,,22.8,,0.0,0.0,
,,0.1221,499.73,,14.96,712.0,,30985.0,,3.0,0.0,,
1.0,credit_card,0.0894,31.78,,,767.0,,165.0,,,,0.0,
,credit_card,,,11.54248427,16.9,,7620.0,,,,0.0,0.0,
,,,442.9,,17.67,737.0,3095.041667,,21.7,,,,0.0
,,0.1148,,11.86358234,,777.0,5670.041667,7345.0,17.3,,,0.0,0.0
1.0,,0.0788,,,,,6840.041667,,46.0,2.0,,0.0,
0.0,,0.1114,498.62,11.46163217,14.5,,6780.041667,217827.0,43.5,2.0,0.0,,
,,,189.67,11.60823564,6.43,,,5124.0,,,0.0,0.0,
,,,,11.1844214,10.43,,,,,,0.0,,
1.0,,0.08,37.61,10.81977828,,,2490.0,,9.0,,,0.0,0.0
,,,461.56,,6.2,,2310.041667,12875.0,26.6,,,,
,educational,,218.54,11.56171563,,,,31183.0,35.1,,,0.0,0.0
,,0.1099,549.95,10.45791849,,722.0,2220.0,,,0.0,,,0.0
,,,,,20.43,,7050.0,,63.8,,,,0.0
1.0,debt_consolidation,0.0894,,11.49272276,15.86,747.0,7230.0,,,1.0,,0.0,
,all_other,,684.58,11.00209984,,702.0,,,,,,0.0,0.0
0.0,debt_consolidation,0.1545,348.87,10.77895629,,642.0,,24979.0,,,0.0,0.0,0.0
0.0,,0.1357,679.37,,21.22,,,53483.0,,4.0,0.0,0.0,
1.0,,0.1496,866.13,,19.09,,4860.041667,,78.4,0.0,,,0.0
,,,,,,717.0,4560.0,18179.0,34.4,,0.0,,
,all_other,0.0774,,,1.27,,,4347.0,,,,0.0,0.0
1.0,debt_consolidation,,575.17,,16.95,747.0,,10463.0,8.2,,,0.0,
0.0,,0.1355,,10.95080655,,,,4334.0,,,,0.0,
,major_purchase,0.1496,242.52,10.6454249,3.71,,,1747.0,,0.0,,,
,,0.1166,,10.90159787,,672.0,7530.041667,,,0.0,,,0.0
1.0,debt_consolidation,0.1166,,,8.51,,,,,,0.0,0.0,0.0
0.0,debt_consolidation,0.1438,254.29,,,,3180.041667,,4.6,11.0,,0.0,
1.0,,,163.68,11.13675106,,,,,36.7,1.0,0.0,,0.0
1.0,credit_card,,,,18.14,,,,65.5,,0.0,0.0,
1.0,,0.1114,,11.38509209,8.35,762.0,5223.0,4397.0,48.9,0.0,,,
1.0,home_improvement,,827.82,11.77528973,,757.0,,,30.4,,0.0,,
1.0,credit_card,,,,12.71,,5264.041667,16799.0,,,1.0,0.0,0.0
,debt_consolidation,0.1411,513.44,11.05089001,22.67,702.0,,,92.7,,,0.0,0.0
1.0,,0.1347,,,,692.0,4334.0,,94.1,0.0,,0.0,
1.0,,0.1253,309.57,11.17745273,,,,18463.0,,1.0,,,
1.0,credit_card,0.1411,,11.98290409,,,,18115.0,,,,0.0,
,,,364.89,11.05673006,13.9,,2339.958333,22954.0,,,,,
,educational,,151.69,11.08214255,5.48,642.0,1739.958333,,,,,,1.0
,,0.1884,,,,,8190.958333,38898.0,80.5,,,,0.0
0.0,credit_card,,,,,727.0,,101713.0,,,,,0.0
1.0,home_improvement,,331.64,,18.83,,4110.0,,,2.0,0.0,,
,debt_consolidation,,,11.15625052,,,,74403.0,68.8,,,0.0,
1.0,,0.0932,319.47,,7.43,752.0,4079.958333,11314.0,37.1,2.0,0.0,0.0,
,home_improvement,0.1568,192.51,11.12726298,,662.0,,10311.0,,,1.0,,
1.0,major_purchase,0.1442,171.92,,13.5,692.0,2640.0,,,1.0,,,0.0
,small_business,,558.84,,17.43,,3839.958333,,,2.0,,,0.0
0.0,,,723.91,11.18731997,,,3750.0,,47.0,5.0,,1.0,
,credit_card,,167.99,,11.87,,4620.0,,51.6,,,1.0,
1.0,debt_consolidation,0.1422,291.42,,20.75,672.0,5820.0,4377.0,,,1.0,0.0,0.0
,,,,,,,,,,0.0,0.0,,1.0
1.0,,0.1095,278.07,10.6454249,0.43,817.0,4979.958333,,0.5,,,0.0,0.0
1.0,,,,10.46310334,20.5,,,22375.0,26.6,,0.0,,0.0
,,0.1336,,11.00209984,7.24,,5250.041667,,,,2.0,0.0,0.0
,,,346.62,,,737.0,,4229.0,7.1,0.0,0.0,0.0,0.0
,,0.0676,,10.858999,14.54,777.0,3390.0,,2.7,2.0,,0.0,
,debt_consolidation,0.1261,251.3,,5.71,667.0,1500.0,,,1.0,0.0,0.0,
,,0.0976,241.16,11.11988288,13.55,,6630.0,,,,,0.0,
1.0,debt_consolidation,,,10.93310697,11.87,722.0,,10915.0,,1.0,,0.0,
1.0,home_improvement,,,,,752.0,,,28.7,0.0,,0.0,
,,0.0976,482.32,,15.1,,,,14.8,1.0,,,
0.0,,,,,,697.0,,150334.0,,,,,
1.0,debt_consolidation,0.1095,,,,,,6630.0,,,0.0,0.0,
0.0,,,,,,,,10832.0,,,0.0,0.0,0.0
0.0,all_other,,,10.23995979,14.31,,,0.0,,,1.0,0.0,
1.0,debt_consolidation,0.1189,159.19,10.62861778,,,,4224.0,,1.0,,0.0,
,,,98.99,,,,,1393.0,43.5,7.0,,,
,debt_consolidation,0.1189,,10.59663473,15.69,717.0,2640.0,,,0.0,0.0,0.0,0.0
1.0,home_improvement,0.1146,,,12.43,,1950.041667,5027.0,62.8,1.0,0.0,0.0,0.0
,,0.1533,,,,,1110.0,4021.0,72.3,,0.0,0.0,1.0
,debt_consolidation,,164.81,,,,5729.958333,,,0.0,,0.0,0.0
,debt_consolidation,0.145,172.11,,16.57,647.0,,21251.0,80.8,0.0,0.0,0.0,0.0
1.0,debt_consolidation,0.1241,,,22.43,,8669.958333,12792.0,50.6,,2.0,0.0,0.0
,,0.1533,870.71,11.77528973,,,,,59.4,,0.0,0.0,0.0
,debt_consolidation,,,,,,,,,0.0,0.0,0.0,
1.0,,,,10.71441777,,,4620.041667,5971.0,,1.0,0.0,,0.0
1.0,,0.1284,,10.65140697,,682.0,3600.0,,,0.0,,0.0,
1.0,credit_card,,,10.87804719,,702.0,,6105.0,,,0.0,,
,debt_consolidation,,,11.73606902,,662.0,6089.958333,61956.0,85.6,,1.0,0.0,0.0
1.0,all_other,0.0901,,11.69524702,12.16,,9719.958333,7336.0,29.9,0.0,0.0,0.0,0.0
,debt_consolidation,,,10.18111929,11.05,687.0,,,,0.0,0.0,0.0,1.0
0.0,,,207.11,,20.0,667.0,,,,19.0,,0.0,0.0
1.0,,,66.33,9.392661929,,707.0,2970.0,1616.0,,1.0,,0.0,
,,,,,,692.0,,3371.0,,,0.0,,0.0
0.0,,,266.06,11.33857208,9.87,702.0,,1077.0,,,,,0.0
,credit_card,0.0932,351.42,11.0953983,,,3749.958333,4148.0,14.3,2.0,,,0.0
0.0,credit_card,,199.89,12.3883942,,692.0,,,,,,0.0,
0.0,debt_consolidation,,,,,,7860.0,,52.7,,,0.0,1.0
0.0,educational,0.1134,157.92,10.23995979,,677.0,816.9583333,,3.3,1.0,0.0,0.0,0.0
,,,,,17.68,722.0,,,,,0.0,0.0,0.0
1.0,,,124.77,11.54481165,,777.0,4410.0,,12.7,,,0.0,0.0
,debt_consolidation,,,11.39639165,3.49,652.0,5190.0,,,11.0,8.0,0.0,0.0
,credit_card,,,,5.89,,,,9.4,2.0,0.0,,0.0
,,,188.01,,11.33,677.0,,3600.0,,,0.0,,0.0
,all_other,0.1253,568.93,,14.15,727.0,3179.958333,4071.0,,1.0,,,
1.0,all_other,0.074,,11.35040654,,782.0,6660.0,,,,,0.0,
,all_other,,,,9.49,777.0,3419.958333,257.0,,0.0,0.0,0.0,
,debt_consolidation,,,12.11448353,,732.0,5700.958333,75854.0,46.2,1.0,1.0,0.0,1.0
,debt_consolidation,0.1261,,,4.62,667.0,,7897.0,47.9,1.0,,0.0,0.0
1.0,debt_consolidation,0.1218,,,,,8617.041667,100842.0,34.4,1.0,0.0,0.0,0.0
,all_other,0.1635,388.63,11.32055357,12.93,672.0,2580.0,,,1.0,,,0.0
1.0,,,,11.51292546,,,,,,,,0.0,
1.0,,0.1103,,10.55581274,15.72,722.0,3580.041667,31566.0,,1.0,0.0,,
1.0,,0.08,,,,,,1220.0,,1.0,,,
,,0.0945,,,5.99,712.0,,4641.0,33.1,0.0,,,
1.0,,0.1261,,11.87145968,,662.0,4080.0,4736.0,,2.0,,,0.0
1.0,,,,,,667.0,3180.041667,3839.0,76.8,0.0,,,
,,0.0859,240.24,11.22524339,10.5,,,,,0.0,0.0,0.0,
1.0,,0.1217,376.24,10.42228135,23.96,712.0,3030.041667,12102.0,,1.0,0.0,,
,,,,,,752.0,,,,1.0,,,
,,,,11.63444374,21.5,667.0,10499.95833,83317.0,,,,0.0,
,,0.1197,,,24.94,732.0,,21765.0,,0.0,,,
,,0.1392,143.38,9.852194258,23.05,,1590.0,,,,0.0,0.0,
,debt_consolidation,0.1221,,,4.06,707.0,,,,1.0,,0.0,0.0
1.0,,0.1533,,,14.3,672.0,,14726.0,92.6,0.0,0.0,1.0,
,credit_card,,45.91,,2.38,,3510.041667,3947.0,7.6,,0.0,0.0,0.0
0.0,debt_consolidation,,,11.43496392,21.91,647.0,4950.0,13446.0,94.0,3.0,0.0,0.0,0.0
0.0,,,,11.08214255,,,,4433.0,33.3,4.0,0.0,1.0,0.0
,,,,11.1124479,21.65,707.0,,,,,,,0.0
1.0,,,,10.57131693,,712.0,,3910.0,46.3,0.0,0.0,,0.0
,,0.1218,,12.32385568,,717.0,,,,,0.0,0.0,
1.0,debt_consolidation,,,11.1844214,,732.0,4020.0,,,,,0.0,0.0
,educational,,,11.40756495,15.95,,720.0,4682.0,,,1.0,,0.0
1.0,all_other,,,10.91508846,13.85,752.0,,10862.0,,2.0,,0.0,
1.0,,,304.88,10.75244803,16.35,667.0,,,,0.0,0.0,0.0,
,all_other,,,11.35035948,12.61,707.0,,197.0,0.5,2.0,0.0,0.0,
0.0,,,,,,667.0,4050.0,,71.8,8.0,,,1.0
1.0,debt_consolidation,0.1362,381.58,,,,4412.0,,,0.0,0.0,0.0,0.0
,all_other,0.1287,,10.86696717,10.49,,,,,4.0,,,
0.0,,0.1249,,10.59663473,0.45,667.0,,336.0,33.6,,,,0.0
,,,411.67,,,707.0,,2335.0,,,0.0,0.0,
,small_business,0.1304,,11.8493977,,697.0,6149.958333,26761.0,,4.0,,0.0,0.0
,all_other,,533.04,11.33857208,17.8,737.0,4980.041667,24177.0,20.2,1.0,0.0,0.0,0.0
1.0,all_other,0.1253,301.2,,0.9,732.0,,114.0,,,,,
,,,,,10.73,652.0,,12781.0,,,4.0,0.0,1.0
,,0.1025,453.39,,,722.0,4500.041667,6485.0,37.5,,,0.0,0.0
1.0,,0.1311,134.98,,20.88,,3090.041667,9418.0,,0.0,1.0,0.0,
,,,,11.40756495,,,,,70.0,,0.0,,0.0
1.0,small_business,0.1095,,11.38509209,12.78,,,19457.0,,,0.0,,
,,0.1379,408.91,10.51888938,,702.0,3210.041667,,,1.0,,,1.0
0.0,debt_consolidation,,,,12.66,712.0,,,,,0.0,0.0,
1.0,,,,11.28983191,18.18,677.0,,12749.0,61.9,,0.0,,
,debt_consolidation,0.0894,,,,,,,44.1,,0.0,0.0,
0.0,,,113.07,10.3859137,0.56,,1049.0,1085.0,,0.0,,,0.0
1.0,,,,,,707.0,,20762.0,,2.0,,0.0,
,debt_consolidation,0.1071,,10.86969163,13.11,727.0,4085.0,,,,,0.0,0.0
1.0,,,,,,,4139.958333,,0.0,0.0,,,
,all_other,,,,,687.0,4560.041667,,,0.0,0.0,0.0,
1.0,all_other,,107.61,10.43081625,,672.0,,3318.0,34.9,1.0,,,
,small_business,,,11.15625052,,732.0,,,10.0,2.0,,,
1.0,all_other,,395.13,11.82038075,5.87,,,,,,,0.0,
,credit_card,0.0976,,,16.8,732.0,10199.95833,,75.6,0.0,0.0,,
0.0,debt_consolidation,0.1551,,,,677.0,,,,2.0,1.0,0.0,0.0
,,0.1253,435.07,11.08220409,,,,,44.8,,0.0,,0.0
1.0,,0.0859,379.33,11.77528973,6.61,772.0,,,,3.0,,,0.0
1.0,,,,,8.64,,4350.0,3754.0,50.7,,1.0,0.0,0.0
,,,500.22,,23.65,652.0,,81695.0,,0.0,0.0,,0.0
0.0,all_other,,169.8,10.40426284,,,,7966.0,106.2,,0.0,0.0,
,,0.1128,39.45,,,702.0,3871.958333,7438.0,32.3,1.0,,,
1.0,,0.1218,59.94,,,,,,34.6,,1.0,,0.0
,credit_card,,,,23.07,,,,23.5,0.0,0.0,,0.0
1.0,major_purchase,,,11.05405958,11.94,,3390.0,1725.0,33.8,1.0,2.0,,
1.0,,,,,11.69,,2069.958333,7133.0,,1.0,,0.0,0.0
1.0,all_other,0.0712,,10.46310334,,,5970.041667,,19.0,,,,
,debt_consolidation,0.1459,413.58,11.79810441,,,6630.0,18159.0,96.6,3.0,0.0,0.0,1.0
,,,,,5.12,777.0,,33215.0,,,,,
0.0,,0.1703,,,,642.0,4139.041667,15827.0,76.1,1.0,,0.0,1.0
,all_other,,,11.19547123,21.1,642.0,6240.0,55147.0,91.9,3.0,0.0,0.0,1.0
1.0,,,,,17.43,757.0,6060.041667,26741.0,,0.0,0.0,0.0,
0.0,,0.1166,247.9,,20.67,,,,,,0.0,0.0,
1.0,debt_consolidation,0.1565,174.94,10.12647109,,,1530.0,,,1.0,,0.0,1.0
1.0,,,65.61,10.51867319,,707.0,5250.0,,65.4,0.0,1.0,,
,credit_card,0.1312,168.76,,2.48,652.0,,,32.9,,,,
,debt_consolidation,0.0932,204.46,,24.0,,,30540.0,54.3,0.0,0.0,0.0,
,small_business,0.1261,670.13,10.54534144,,687.0,3570.041667,4110.0,,0.0,,0.0,
,,,,11.12726298,,667.0,2280.0,16860.0,,,0.0,,0.0
,home_improvement,0.1322,169.01,11.60823564,,,3842.041667,53761.0,92.1,2.0,0.0,0.0,
1.0,,0.1218,666.0,11.1123882,,,,,,,0.0,0.0,
,debt_consolidation,,199.78,10.30895266,2.2,662.0,658.9583333,2468.0,,1.0,0.0,0.0,0.0
1.0,major_purchase,,79.13,10.40411131,,,,,,0.0,,0.0,
,,,,,4.28,762.0,5010.0,14442.0,28.3,0.0,,,
1.0,,,,10.81977828,15.55,692.0,,6592.0,,,0.0,,
,debt_consolidation,,279.09,,,,1620.041667,,77.5,0.0,0.0,0.0,
1.0,,0.167,710.03,,20.94,672.0,5850.0,28332.0,81.2,0.0,,,
0.0,credit_card,,261.65,10.91508846,,667.0,5190.0,,,,,0.0,
1.0,,,86.97,,,752.0,,2146.0,20.2,0.0,0.0,,
,debt_consolidation,0.1287,,11.08214255,,,,7290.0,93.5,0.0,,0.0,0.0
,all_other,0.1392,81.93,,,732.0,,6704.0,98.6,1.0,0.0,0.0,
1.0,all_other,0.1287,201.8,,,,1860.0,3867.0,,,0.0,,
,debt_consolidation,0.1059,624.87,,,712.0,300.0,,1.6,0.0,,0.0,
1.0,,,,11.28978191,7.75,,,,29.8,0.0,,0.0,
,,0.1292,252.42,10.81977828,,667.0,5939.958333,,35.8,,,0.0,1.0
1.0,,0.1537,,11.1844214,,707.0,4979.958333,,,3.0,,,0.0
,,0.1635,247.31,10.34817337,17.19,,,,,0.0,3.0,,
0.0,,,,,12.83,652.0,,,,12.0,,,
,,,97.16,10.6454249,0.44,,,3752.0,42.2,,0.0,,
1.0,,0.1126,,,,,3180.0,12568.0,57.7,2.0,0.0,,
,credit_card,,399.28,11.60823564,,657.0,2130.0,,,,,,
,debt_consolidation,,159.19,,15.32,697.0,,52275.0,33.7,,,0.0,0.0
,,0.1148,247.27,,,,3779.958333,7341.0,68.6,0.0,,0.0,0.0
0.0,,,,,5.82,,9180.0,1436.0,,6.0,1.0,,1.0
,,,269.31,11.59910316,24.01,,4665.958333,29901.0,,2.0,,0.0,1.0
0.0,,,489.61,13.12236338,,,,,46.1,,,,1.0
,debt_consolidation,0.1114,,,23.2,,,3663.0,,,0.0,0.0,
1.0,,0.0963,160.48,,,,,,38.1,,,0.0,
,credit_card,,,10.70957048,22.78,692.0,,,,,,1.0,0.0
,,0.1411,342.29,,3.92,,2850.0,,,1.0,2.0,,0.0
,,,,11.00209984,11.08,722.0,5116.0,,,,,,1.0
1.0,educational,,,11.00209984,,,,7482.0,59.9,,,0.0,0.0
1.0,credit_card,0.0863,,10.50369674,18.77,,2369.958333,,0.0,,0.0,0.0,
1.0,all_other,0.1253,,,,687.0,,19058.0,,0.0,0.0,,0.0
,debt_consolidation,,,11.35040654,7.4,,3360.041667,2695.0,,8.0,,0.0,
,,,,10.54534144,22.34,,3965.958333,,0.0,0.0,,,
,,,188.02,,16.96,757.0,4440.0,3628.0,,0.0,0.0,,
,debt_consolidation,,,,,702.0,4530.041667,16264.0,90.6,3.0,0.0,0.0,1.0
0.0,small_business,0.1355,67.92,,18.06,657.0,,,25.3,8.0,0.0,,0.0
1.0,,0.1496,554.32,11.57119437,9.87,,4500.041667,34896.0,,2.0,,0.0,0.0
,debt_consolidation,,,11.6421978,,,,,,0.0,,0.0,
0.0,,,,,,,8730.0,,,,,0.0,
1.0,,0.1537,374.6,,,667.0,3391.958333,21765.0,,,,0.0,
1.0,,,198.99,10.1266311,12.67,,,6371.0,,,,0.0,
1.0,debt_consolidation,,513.98,11.09741002,21.49,,,,,0.0,,0.0,0.0
1.0,all_other,0.1008,,11.51292546,,,4350.0,,,0.0,,,
1.0,,,403.42,,23.05,,5070.0,,28.2,,,,
1.0,,,267.73,,,,4472.0,,,1.0,0.0,,0.0
0.0,all_other,0.1311,,,8.23,,2790.041667,,,5.0,0.0,0.0,0.0
,debt_consolidation,,102.17,10.59663473,,642.0,,9135.0,,28.0,0.0,0.0,
,home_improvement,0.0963,,,4.21,807.0,,,,1.0,,0.0,0.0
,debt_consolidation,,,10.59653473,,,2460.0,7102.0,18.7,0.0,0.0,0.0,0.0
,,,96.38,,3.31,707.0,,,,1.0,,,
,debt_consolidation,0.1565,209.92,10.858999,,,,6740.0,37.7,4.0,0.0,0.0,0.0
1.0,,0.0743,,12.20607265,,,,3164.0,,0.0,0.0,,0.0
1.0,,0.1148,,10.49127422,22.47,737.0,4020.0,19796.0,30.1,1.0,0.0,,
,,,,,,,,5226.0,48.8,,,,
1.0,all_other,0.0963,192.57,10.94552949,,722.0,2700.041667,13066.0,24.9,,0.0,,
0.0,all_other,,174.05,10.59563423,13.27,667.0,2550.0,,,,,0.0,
1.0,,0.08,141.02,,13.74,777.0,,,4.0,0.0,,,
1.0,,,231.75,,,772.0,,,2.2,,,0.0,0.0
,all_other,,235.44,,18.09,687.0,,,,,,0.0,0.0
,,0.1533,,,,692.0,,24322.0,,1.0,,,1.0
,,,,10.1266311,9.79,,,6355.0,65.5,,0.0,0.0,
,credit_card,0.1025,,10.81977828,13.66,,5490.0,25444.0,42.4,,0.0,,
0.0,all_other,,,,,647.0,2760.0,12578.0,76.7,0.0,0.0,,
,,0.0894,,,,,4319.958333,,,,,,
1.0,,0.0932,,,6.76,737.0,3330.041667,,18.4,,0.0,,0.0
1.0,,0.1632,565.02,,21.46,,7200.041667,,82.5,2.0,1.0,0.0,1.0
,debt_consolidation,0.0932,,11.48965684,,762.0,,42307.0,,,,0.0,
1.0,,,278.53,10.62132735,,662.0,,7979.0,48.7,,,,
1.0,debt_consolidation,0.0768,93.58,11.15625052,,762.0,,,,0.0,0.0,0.0,
1.0,,,,,,732.0,,80572.0,,0.0,0.0,,0.0
1.0,home_improvement,0.0788,,10.30895266,,,,,46.7,,,,0.0
1.0,,,827.74,11.77528973,10.2,,,29601.0,,,0.0,,1.0
1.0,,0.1496,,,16.28,702.0,,73257.0,,,0.0,0.0,0.0
,debt_consolidation,0.1392,102.42,,,,,4339.0,51.5,3.0,0.0,0.0,0.0
,educational,,861.88,11.69524702,0.24,,,402.0,,6.0,,,
1.0,,,182.34,,23.68,687.0,2280.0,16757.0,85.1,,,,
,debt_consolidation,,,11.8493977,24.2,757.0,,,,1.0,0.0,0.0,0.0
0.0,debt_consolidation,0.164,,,,657.0,1589.958333,8772.0,,4.0,,0.0,0.0
,all_other,0.1126,246.48,,16.97,722.0,5189.958333,9200.0,,,,,
,,0.0951,192.23,,16.87,722.0,,,41.1,,0.0,,0.0
1.0,,,222.41,,12.17,,,,34.5,,0.0,,
1.0,credit_card,0.0932,175.71,,,,,3997.0,29.6,,,,0.0
1.0,,0.1103,,11.00209984,16.12,,,,,,,,
1.0,debt_consolidation,0.1357,543.5,11.44035477,,,,17729.0,39.0,0.0,0.0,0.0,
,,,,11.60823564,11.87,697.0,,4254.0,64.5,,,0.0,0.0
1.0,,,,,1.84,,4530.0,2733.0,15.4,,0.0,0.0,
,,0.1008,,,,,,9910.0,99.1,2.0,0.0,0.0,1.0
,credit_card,0.1459,,11.72803684,,672.0,7610.0,30232.0,67.3,0.0,,,
,,,379.79,12.07254125,,,,71956.0,25.7,4.0,0.0,,
1.0,major_purchase,0.0768,187.14,,9.52,,6629.958333,922.0,3.8,0.0,,0.0,0.0
,debt_consolidation,0.133,,10.81977828,20.42,,7710.0,12573.0,71.8,,1.0,0.0,
,,0.0859,221.28,11.51292546,11.18,,,,,,0.0,,0.0
,,0.1496,,11.51292546,,702.0,4170.041667,,,0.0,,0.0,0.0
0.0,all_other,0.1531,139.27,10.55581274,8.34,,,,9.8,6.0,0.0,0.0,
1.0,debt_consolidation,,296.72,,16.7,,,,,0.0,,0.0,0.0
,credit_card,0.1407,61.58,,,637.0,,2925.0,,1.0,,0.0,
,,0.1071,,10.57131693,9.66,,4739.958333,,90.2,1.0,,0.0,0.0
,,0.1537,69.7,9.998797732,3.22,702.0,,,,0.0,0.0,,
,,,328.04,10.49127422,,747.0,,172.0,,,,0.0,0.0
,debt_consolidation,0.1565,,10.90381461,,,5487.0,,36.5,0.0,0.0,0.0,0.0
,all_other,,,10.71441777,,692.0,1440.0,13708.0,76.6,1.0,,0.0,
0.0,all_other,,,9.85198371,24.51,,,,,,,,1.0
,debt_consolidation,0.1709,211.51,,26.52,,,18941.0,,,,0.0,
,,0.1292,201.94,10.37349118,4.76,,1350.0,,71.2,0.0,0.0,0.0,
,,,338.1,,,,,,,,0.0,1.0,0.0
,all_other,0.0963,,,5.36,,,,,2.0,0.0,,0.0
1.0,debt_consolidation,0.1189,,10.77895629,23.55,,1890.0,,41.6,0.0,0.0,0.0,
1.0,,,,,,677.0,5156.0,,36.9,1.0,,,0.0
,,0.0774,,10.91508846,,777.0,6240.0,,,,,0.0,
,debt_consolidation,,,,,687.0,,,99.1,4.0,,0.0,
,,,,,14.79,712.0,5430.0,21532.0,66.9,2.0,0.0,,0.0
,major_purchase,,,,14.99,762.0,,,11.9,,,,0.0
,debt_consolidation,,,,13.08,762.0,,,60.7,0.0,0.0,0.0,0.0
1.0,small_business,0.1493,,11.31447453,,,5339.958333,9.0,,,,,0.0
0.0,credit_card,,404.03,,,697.0,,152416.0,,,,,
,,,,10.97944515,,727.0,4080.0,391.0,7.2,,0.0,0.0,0.0
,,,,,,,,,,,0.0,0.0,
,,,,,,,2790.0,25965.0,52.5,,,,0.0
,debt_consolidation,,668.21,11.3736634,,707.0,,,81.5,0.0,,0.0,0.0
0.0,,0.157,,,25.63,677.0,,,,,,,0.0
1.0,,,,11.08214255,,,11190.95833,,38.3,4.0,0.0,0.0,1.0
,,,149.48,,13.45,,1139.0,,,,,,
,,,,,4.54,702.0,3840.041667,,,,,,0.0
0.0,credit_card,,,11.05089001,,672.0,4290.0,,34.4,,,0.0,
,,,340.88,,,662.0,3960.0,,,1.0,0.0,,0.0
1.0,,,,10.56874953,8.14,757.0,,2120.0,,,,,
1.0,debt_consolidation,0.0859,,,,,5670.041667,2815.0,,0.0,0.0,0.0,0.0
,debt_consolidation,0.167,603.53,11.48497363,10.71,672.0,3989.958333,56896.0,,2.0,,1.0,
,,0.08,,11.36210258,,777.0,3509.958333,,0.0,,0.0,0.0,0.0
,debt_consolidation,,,,,,3180.0,5070.0,,,,0.0,
1.0,debt_consolidation,0.1316,168.86,,,,,7058.0,,3.0,,0.0,0.0
1.0,,0.1146,,11.36210258,,,,46055.0,,,,0.0,1.0
1.0,small_business,,,,3.04,787.0,6510.0,13893.0,,4.0,,0.0,0.0
1.0,debt_consolidation,,,10.44461927,,,3134.041667,,,2.0,,0.0,
1.0,,,149.11,10.09823163,0.99,,3511.041667,117.0,8.4,,0.0,,0.0
0.0,home_improvement,,674.9,12.29225034,,717.0,5730.041667,39576.0,27.7,,0.0,,1.0
1.0,all_other,0.1095,297.7,11.30471979,0.15,,,517.0,8.9,0.0,,0.0,
,,,,11.15619338,2.43,682.0,,,,,,0.0,
1.0,all_other,,258.67,,,702.0,3946.0,,0.0,,0.0,,
,home_improvement,,70.05,10.95156065,,,,,,1.0,,,
,debt_consolidation,,,,,,,12879.0,,,0.0,0.0,
1.0,,0.1385,572.95,11.00209984,,697.0,,11330.0,,,0.0,,0.0
0.0,,0.1754,,9.169518377,,612.0,,546.0,47.6,,,,0.0
1.0,debt_consolidation,0.1411,164.3,10.50232405,,672.0,,8038.0,,0.0,0.0,0.0,
1.0,,,,11.35040654,18.48,702.0,3809.958333,,74.0,,,0.0,
,,,,10.76848499,17.81,,,7125.0,,,,,0.0
1.0,credit_card,0.0976,,11.06763786,,717.0,,12226.0,45.6,,1.0,,0.0
,all_other,,,10.91508846,,747.0,7049.958333,28962.0,,,,,0.0
1.0,,,,11.12726298,22.43,,8013.0,,46.9,,,,
0.0,,0.2164,,,24.06,662.0,,16441.0,,9.0,,,1.0
1.0,all_other,,93.33,,5.55,727.0,2040.041667,,20.4,,,,
,debt_consolidation,,329.57,11.45100751,,727.0,6600.0,17465.0,95.4,,0.0,0.0,
0.0,debt_consolidation,,186.46,10.49127422,,652.0,2159.958333,,,4.0,0.0,0.0,0.0
,,,74.55,11.09741002,5.89,777.0,3030.0,,,,0.0,0.0,
1.0,,,254.18,11.00209984,3.62,,3060.041667,,34.0,0.0,,,0.0
1.0,credit_card,,505.16,,10.86,687.0,3420.041667,,93.6,,0.0,,
0.0,,,49.72,,,752.0,,506.0,5.9,,,,0.0
0.0,debt_consolidation,,119.71,,,657.0,5040.0,3513.0,,1.0,0.0,0.0,
,,0.1379,340.76,,24.91,692.0,,6344.0,,0.0,,,0.0
,debt_consolidation,,204.46,,,737.0,,6729.0,64.7,0.0,0.0,0.0,0.0
,,,,11.00209984,,662.0,,4533.0,76.8,1.0,,0.0,0.0
,,0.167,497.02,,12.75,707.0,,65335.0,66.9,,0.0,0.0,0.0
,debt_consolidation,0.1411,,,,,13410.0,,,,1.0,0.0,1.0
,,,669.33,10.78931908,21.06,,,,69.4,4.0,0.0,,
,,,,11.2579816,,,3090.041667,,23.2,2.0,0.0,,
,home_improvement,0.06,,,10.3,747.0,2160.958333,543.0,,,0.0,,0.0
,,,239.65,,9.66,,4529.0,,0.0,3.0,,,0.0
1.0,debt_consolidation,,362.66,10.21464198,12.84,712.0,7859.958333,11534.0,,1.0,0.0,0.0,
,,0.0964,642.02,,,,,,42.5,0.0,,,
,,,237.78,10.59653473,16.32,,4470.0,911.0,45.5,,,,
,,0.1387,,,23.99,687.0,,,,,,,0.0
1.0,,,233.1,,15.69,702.0,,15239.0,81.9,,,0.0,0.0
,,0.08,,,17.92,742.0,,849.0,10.7,,,,
1.0,,0.0774,234.14,10.23995979,22.37,782.0,13049.95833,,,0.0,0.0,0.0,
,home_improvement,,,10.54534144,11.34,,1650.0,2415.0,14.3,2.0,,0.0,
,educational,0.1505,,,,,,,92.3,1.0,,0.0,
1.0,small_business,0.1316,,,2.13,692.0,2040.0,,38.3,,,,
1.0,all_other,0.0963,,,,,4890.041667,7215.0,,2.0,,0.0,0.0
,educational,,,10.1266311,,672.0,1422.0,,,4.0,,0.0,0.0
1.0,,0.1148,626.41,12.07254125,12.73,,,29658.0,,,0.0,0.0,
1.0,all_other,0.1221,,,,697.0,2850.0,6324.0,,0.0,0.0,1.0,
1.0,,0.0788,330.01,,,,4650.041667,,37.4,,0.0,,0.0
,,,175.42,,,727.0,4590.041667,6566.0,,1.0,,,0.0
,,0.1322,,11.39639165,,687.0,,19351.0,89.6,,,0.0,0.0
1.0,,,,,3.84,,1982.041667,0.0,0.0,,0.0,0.0,
,,0.1183,798.53,,14.33,,11708.0,,,,0.0,0.0,
1.0,small_business,,194.17,,3.56,722.0,8100.041667,3567.0,66.1,,0.0,,
,home_improvement,0.0859,94.84,,5.61,727.0,2310.0,,,1.0,,0.0,0.0
1.0,,,,11.55214618,,,,21072.0,94.6,1.0,,0.0,0.0
1.0,,,,11.46163217,,697.0,2610.041667,,32.4,0.0,1.0,0.0,0.0
0.0,,,520.06,10.50506754,,,7589.0,,,2.0,,,
,credit_card,,515.74,,,,2550.0,,89.0,0.0,0.0,,
,small_business,,16.25,10.16585182,,,,5643.0,60.7,0.0,0.0,0.0,
,,0.0933,,9.903487553,,,3512.958333,,48.1,,0.0,0.0,
,,,215.7,9.798127037,21.53,727.0,2880.0,7727.0,,,,0.0,
1.0,,0.08,,11.51292546,,787.0,,,6.8,1.0,,0.0,
,credit_card,0.0933,319.54,,,717.0,346.0,0.0,0.0,2.0,0.0,0.0,
1.0,all_other,,904.88,11.15625052,,672.0,,37893.0,,3.0,0.0,0.0,
1.0,,,170.69,11.6784399,,,7050.041667,,,,0.0,,
1.0,major_purchase,,,,0.66,752.0,,,,3.0,0.0,0.0,
1.0,,0.1236,701.12,10.77895629,,,,639.0,13.6,1.0,,0.0,1.0
,,,301.83,11.35627165,6.27,,,,9.4,0.0,0.0,,0.0
,,,,,16.91,712.0,4859.958333,,,0.0,,,
1.0,home_improvement,0.1322,845.02,10.858999,9.0,,,2951.0,20.6,0.0,0.0,,
,small_business,0.08,313.37,,12.14,802.0,,1467.0,9.2,,,,0.0
1.0,,0.16,,10.60658506,,,6540.0,11018.0,,,,,
1.0,,0.1114,,10.59663473,24.1,717.0,4740.0,,,0.0,0.0,,0.0
,debt_consolidation,,54.0,10.63364146,18.99,,7680.0,6281.0,,3.0,0.0,0.0,
,debt_consolidation,,,,,752.0,8679.958333,,,0.0,,0.0,
1.0,credit_card,,307.24,11.35040654,,,,40.0,,,0.0,,0.0
,,0.1114,472.38,,15.82,,,8799.0,34.5,2.0,,,0.0
1.0,,,,,13.04,697.0,5100.0,,,0.0,,,0.0
1.0,,0.145,,,,697.0,8489.958333,24325.0,,,,,
1.0,debt_consolidation,,,,,722.0,3420.0,23973.0,44.9,1.0,0.0,0.0,0.0
1.0,small_business,0.1474,207.23,,,677.0,2730.0,,94.1,2.0,0.0,0.0,
,,0.0894,,,19.24,,4200.041667,,50.9,,0.0,0.0,
,,0.1183,745.52,11.44035477,10.89,,9540.0,,47.9,0.0,,0.0,
1.0,debt_consolidation,0.1821,,,10.76,,1980.041667,9961.0,99.6,,0.0,0.0,
,credit_card,,,,14.16,767.0,,4463.0,28.8,,0.0,,
,all_other,0.0963,,10.59653473,,727.0,1772.0,733.0,,1.0,0.0,0.0,0.0
1.0,major_purchase,,158.86,10.54534144,18.54,727.0,4020.0,,,,0.0,,0.0
1.0,home_improvement,,499.5,,8.7,,,,30.6,2.0,0.0,,
1.0,,0.0963,,,7.67,732.0,2190.0,6246.0,54.8,,0.0,0.0,
,home_improvement,0.1426,,,,682.0,3300.0,5516.0,44.1,,,0.0,0.0
,all_other,0.0859,316.11,11.60823564,,,6720.041667,,0.0,0.0,,,0.0
,,0.0788,469.21,,,,,8213.0,,,0.0,,
,all_other,0.1426,,,14.54,,3179.958333,16653.0,94.1,2.0,,,0.0
1.0,debt_consolidation,,,10.30895266,,,,,51.9,,,0.0,0.0
,debt_consolidation,,696.31,11.44678566,,702.0,4410.0,,95.5,0.0,0.0,0.0,0.0
1.0,debt_consolidation,0.1426,514.59,10.89673933,,697.0,,,,1.0,,0.0,0.0
0.0,all_other,,,10.51867319,,707.0,2280.041667,2479.0,45.1,,0.0,0.0,
1.0,credit_card,0.1385,,,21.03,677.0,,57858.0,75.8,,,,
,,0.1141,,11.27090486,14.03,,,,27.6,3.0,,1.0,
1.0,small_business,0.1565,,11.73606902,0.04,,,2668.0,76.2,,0.0,,
,,,247.56,10.87804719,,662.0,2970.0,16364.0,54.5,0.0,1.0,0.0,0.0
,debt_consolidation,0.1426,,10.93310697,14.55,677.0,,,48.8,,0.0,0.0,
1.0,,,,,,,,7679.0,,,,,
0.0,small_business,,328.43,10.6454249,,697.0,390.0,179.0,17.9,,,,1.0
1.0,major_purchase,0.1531,,,,,1710.041667,0.0,,1.0,0.0,,
1.0,,0.1316,405.25,10.66895539,7.14,,,7879.0,29.0,2.0,0.0,0.0,
1.0,debt_consolidation,0.1287,319.52,10.75790288,12.28,,,6696.0,47.8,1.0,,0.0,
1.0,,,301.04,10.858999,4.98,662.0,,,72.6,,0.0,0.0,0.0
0.0,all_other,,,11.00209984,,,9450.0,,70.6,2.0,1.0,,
0.0,debt_consolidation,0.1608,,,18.94,652.0,4139.958333,,,1.0,0.0,0.0,0.0
1.0,,0.1183,482.1,10.71441777,,717.0,2280.0,,,,,,0.0
0.0,all_other,0.1287,67.27,,,,,,78.7,4.0,0.0,,0.0
1.0,debt_consolidation,,,11.46126368,,682.0,4410.0,,,,,0.0,
,all_other,0.0768,155.96,,,797.0,9420.0,,10.8,0.0,0.0,,
1.0,credit_card,,,10.5454467,17.78,712.0,2460.0,4440.0,,,0.0,,
,credit_card,0.0932,247.59,,,757.0,6090.0,,,,,,0.0
,debt_consolidation,0.1474,518.06,11.08220409,22.1,,4934.041667,23535.0,,2.0,0.0,1.0,1.0
,,0.1221,299.84,,1.81,,10290.0,17307.0,,,,,0.0
1.0,,,,,,752.0,,,9.3,1.0,,0.0,0.0
0.0,credit_card,,,,,682.0,2580.0,26435.0,,,0.0,0.0,
,,0.1322,,,18.03,812.0,3929.958333,32422.0,95.6,,0.0,0.0,0.0
,,,,,24.0,672.0,2520.0,,48.8,,,0.0,
1.0,,,567.22,11.06663836,,,3540.041667,,,4.0,0.0,,1.0
,all_other,0.1148,692.34,,10.53,,,4800.0,,,,0.0,0.0
,small_business,,192.06,11.00209984,13.16,,,32421.0,,0.0,0.0,0.0,
1.0,all_other,0.1392,716.88,11.12726298,17.95,697.0,4920.041667,14533.0,,,,,
,,0.1588,,,,,,,73.3,1.0,,,0.0
,debt_consolidation,0.074,201.89,,,772.0,7169.958333,6954.0,,0.0,0.0,0.0,0.0
,small_business,0.1531,,,12.13,,4530.041667,30995.0,,2.0,,0.0,
,,,135.41,,,672.0,5339.958333,,,2.0,0.0,,
,,0.1576,,,,,,,,,,,0.0
1.0,,0.1008,32.31,,20.53,732.0,3360.0,2308.0,,0.0,,0.0,
1.0,,,513.44,11.20775808,,707.0,3360.041667,,,0.0,0.0,0.0,
1.0,home_improvement,,273.1,10.30895266,,,1409.958333,1923.0,,,0.0,0.0,
,debt_consolidation,,,11.22524339,11.58,,4350.0,20133.0,76.8,0.0,0.0,0.0,
,debt_consolidation,,556.61,10.97164063,,,,,88.2,,,0.0,1.0
,all_other,,147.62,9.392661929,,772.0,,,,1.0,,,
,debt_consolidation,,,10.26479176,24.54,737.0,,6242.0,,,,0.0,0.0
1.0,all_other,0.1249,234.15,,5.01,,,1061.0,,3.0,0.0,0.0,
,debt_consolidation,,,11.19908503,5.83,677.0,,9956.0,,0.0,,0.0,0.0
,,,,11.12726298,,,1470.0,,14.0,18.0,,,1.0
,home_improvement,,,11.00209984,15.92,,5580.0,,,,0.0,,
,,0.1221,59.97,,1.93,687.0,8280.0,1469.0,22.3,,,,
1.0,debt_consolidation,0.1324,405.72,,,667.0,,,,,,0.0,0.0
,small_business,,,10.54534144,20.72,662.0,,,,,,0.0,
,,0.1253,200.8,,9.59,,,10115.0,70.7,0.0,0.0,,
,small_business,,,,,,,500.0,83.3,,0.0,0.0,0.0
0.0,,0.1501,145.62,,10.69,,2969.0,,,10.0,1.0,0.0,
,all_other,,194.91,,5.06,687.0,,9516.0,63.4,1.0,0.0,,
,,0.1379,,,,,3420.041667,13742.0,64.5,0.0,,0.0,
1.0,educational,0.0932,191.69,10.62132735,17.5,732.0,,,68.0,0.0,0.0,0.0,0.0
,,,,,,,3419.958333,20344.0,,,0.0,,0.0
,all_other,0.1222,99.96,,,,,,51.0,0.0,,0.0,0.0
1.0,,,172.53,10.89673933,6.29,742.0,,,,,,0.0,
,all_other,0.1014,,10.69194491,,732.0,5940.041667,,0.0,,,,
1.0,,,528.84,,13.47,702.0,2400.0,14958.0,,,0.0,0.0,0.0
,,,,,12.38,,,,,0.0,0.0,0.0,
1.0,,0.1347,,,14.66,,,8896.0,80.1,,0.0,0.0,
,,0.1114,,9.998797732,8.02,722.0,2190.0,1838.0,14.9,,0.0,,0.0
1.0,debt_consolidation,0.1039,,,,707.0,,5762.0,43.3,,0.0,0.0,
,,,,11.73606902,,687.0,,,95.0,,,0.0,
,,0.1218,666.0,10.91501573,,,,16947.0,,,,,
0.0,credit_card,0.1292,269.25,11.34568955,,,5609.041667,47593.0,62.4,1.0,0.0,0.0,0.0
1.0,,,608.42,,,,,4646.0,,,,,
,credit_card,,67.81,,,,419.0,,54.1,8.0,0.0,,0.0
1.0,,,368.56,,11.38,677.0,1470.0,,,0.0,0.0,,0.0
1.0,debt_consolidation,,132.35,,,702.0,,4504.0,,,,0.0,
1.0,,,116.08,,16.46,,,,56.8,,,,0.0
,,,,10.59663473,7.62,802.0,,0.0,0.0,1.0,0.0,0.0,
1.0,debt_consolidation,0.074,,,,792.0,,4645.0,12.7,3.0,,0.0,0.0
1.0,,,,,,,,,,,,,0.0
,,,789.87,11.50287513,,732.0,,21459.0,,,0.0,,
,debt_consolidation,,,,25.47,,6991.0,,66.3,7.0,0.0,0.0,0.0
,home_improvement,,158.14,11.77528973,,,7769.958333,,25.8,0.0,,,
0.0,debt_consolidation,,96.47,,,,,1470.0,,0.0,,0.0,1.0
1.0,debt_consolidation,0.1311,438.69,,,,1800.0,,,3.0,,0.0,0.0
1.0,,0.08,,,17.81,767.0,8010.0,,11.6,0.0,,0.0,0.0
,,,55.17,,5.0,,8369.958333,369.0,,,,,
,,0.08,,10.83958091,,,5400.0,550.0,1.6,3.0,0.0,0.0,0.0
,,,,,19.58,,,,,0.0,0.0,,
1.0,home_improvement,0.1316,168.86,,23.26,687.0,,71053.0,,,,,
0.0,major_purchase,0.1355,,,,652.0,,,,1.0,,,
0.0,,,677.36,,,,,134025.0,,,0.0,0.0,0.0
,all_other,0.1493,865.78,11.98292909,,682.0,1799.958333,33256.0,,0.0,,,0.0
,debt_consolidation,0.1316,540.33,12.67608877,,,,66442.0,93.7,4.0,,0.0,0.0
,educational,0.1322,,,6.0,,,,,,,0.0,0.0
1.0,,,,11.21182037,,,8969.958333,4358.0,46.4,,0.0,0.0,
1.0,,0.1218,266.4,,,747.0,,,,0.0,,0.0,
,,,540.81,,,732.0,,6847.0,75.2,,0.0,,
,,,397.97,,,757.0,6150.0,,56.2,0.0,0.0,,
1.0,,0.1565,,11.56171563,,,4381.0,,31.0,,,0.0,
,small_business,,,10.1266311,,,,,17.1,3.0,0.0,,0.0
,debt_consolidation,,,,,727.0,7596.041667,43567.0,76.8,,,0.0,0.0
,home_improvement,0.0963,320.95,10.6454249,1.14,,,,4.5,,0.0,,0.0
1.0,,,330.53,11.06663836,,712.0,4383.0,,48.7,,0.0,,
1.0,,0.1221,,,,747.0,,,5.8,,,0.0,
1.0,,0.1442,144.41,9.680344001,11.1,,,,64.9,,0.0,0.0,0.0
1.0,all_other,,156.1,11.03488966,14.4,752.0,8370.0,15489.0,,,,0.0,
1.0,,,,10.67359577,0.83,792.0,,,,0.0,0.0,0.0,0.0
0.0,all_other,,,,,,,,,,,0.0,0.0
,debt_consolidation,,268.53,,,,,,,,0.0,0.0,
,debt_consolidation,,94.01,,,742.0,,,18.2,,0.0,0.0,0.0
,,,193.26,10.91508846,,677.0,3240.0,7440.0,,,0.0,,
,debt_consolidation,,,11.46163217,,,4290.0,14822.0,,,0.0,0.0,
,,0.167,,11.49272276,8.52,,4380.0,,87.9,,0.0,,0.0
,debt_consolidation,0.1197,116.2,10.61643736,21.97,,3749.958333,,,,0.0,0.0,
,,0.1411,,,20.33,702.0,,32785.0,91.8,3.0,,,0.0
,all_other,,32.1,,,,,,8.6,0.0,0.0,0.0,0.0
1.0,all_other,0.0963,102.71,,,732.0,4290.0,496.0,4.1,,0.0,,
,,,530.15,10.81985828,,,3600.0,,,4.0,0.0,0.0,0.0
0.0,,0.1418,350.37,11.69524702,4.94,,4139.041667,,,,0.0,,1.0
,,0.1095,,10.51867319,,777.0,3811.041667,,,,,,0.0
1.0,all_other,0.1114,,,,772.0,6120.0,26701.0,43.1,0.0,0.0,,0.0
1.0,,0.074,93.18,11.38509209,,792.0,5069.958333,,0.0,0.0,0.0,,
,educational,,402.53,11.54248427,8.55,777.0,5430.0,,5.5,1.0,,0.0,0.0
,all_other,,,10.77895629,19.4,,4619.958333,21093.0,,,1.0,,1.0
,all_other,0.1218,,10.41232119,,,,1568.0,,,0.0,,0.0
0.0,,0.1134,33.73,,20.4,,,,11.9,,0.0,,
1.0,all_other,,285.95,10.69194491,8.97,,,,,1.0,0.0,,0.0
,,0.0838,,,,722.0,5790.0,,62.0,1.0,,,
1.0,,,193.85,11.65268741,6.25,777.0,,12345.0,17.4,1.0,,,0.0
,home_improvement,0.1347,508.84,,,,,,,,,0.0,1.0
1.0,all_other,,305.01,11.35040654,12.01,742.0,5039.958333,47474.0,56.1,,0.0,0.0,1.0
1.0,debt_consolidation,,338.01,10.49127422,,687.0,,8989.0,,,0.0,0.0,0.0
1.0,,,362.2,10.66895539,24.78,752.0,3036.041667,6057.0,,1.0,0.0,,0.0
,debt_consolidation,0.1411,,10.59663473,,,,3780.0,,,,0.0,
,,0.1218,,9.903687533,,692.0,,3156.0,26.7,,1.0,,
0.0,debt_consolidation,,276.86,,16.91,,,13128.0,,10.0,,0.0,
,,,,9.210340372,,,2250.0,,54.7,2.0,,0.0,
0.0,,0.1411,,,13.21,,,30058.0,,5.0,1.0,,
,all_other,0.0894,103.26,,6.13,,,,43.2,1.0,,0.0,
,,0.0714,262.99,11.22364211,19.7,,,,,0.0,,0.0,0.0
,,,92.7,10.54534144,,772.0,3270.0,,15.0,2.0,0.0,0.0,
,debt_consolidation,,,,,727.0,,,74.7,,,0.0,0.0
,,0.1287,168.17,10.49127422,,682.0,,7790.0,,3.0,0.0,,
0.0,,0.1663,115.28,,,707.0,660.0,0.0,,2.0,,0.0,
,,,,11.23848862,12.77,672.0,,,68.6,,0.0,0.0,1.0
1.0,,,159.17,,,,,6528.0,14.3,1.0,,0.0,0.0
1.0,all_other,,,,12.77,747.0,,,,0.0,0.0,,0.0
,,0.1726,53.68,,5.27,,2309.958333,2308.0,,8.0,,0.0,
,,,,10.51867319,17.29,672.0,,42969.0,83.1,,0.0,,
0.0,educational,0.1392,,9.574983486,,,,3745.0,64.6,,0.0,,
,,,,,9.86,,,,99.3,,0.0,1.0,
1.0,,,497.58,,,717.0,1980.041667,13402.0,23.3,,,0.0,0.0
1.0,,,394.36,11.22524339,,,,,67.3,,0.0,,1.0
1.0,,0.1189,33.17,,,,,5742.0,,0.0,,,0.0
,,0.1221,399.78,,20.59,732.0,1860.0,,,,,,
,home_improvement,,170.69,,,682.0,,,41.2,,0.0,,0.0
0.0,small_business,0.1565,349.85,,,692.0,4470.041667,,53.0,,0.0,,
,all_other,,97.0,10.77895629,,,,0.0,,0.0,,,0.0
,,0.1071,508.59,10.77895629,14.58,717.0,5219.0,20838.0,62.6,1.0,0.0,0.0,
,,0.1379,,,15.05,,4980.041667,26295.0,,,,0.0,
,,,,,,,9689.958333,,,1.0,,0.0,
1.0,,,,10.83958091,4.35,,3844.041667,1935.0,22.8,0.0,3.0,0.0,
,,0.1146,329.57,,,702.0,,5680.0,,,,,
,major_purchase,,308.29,10.91501573,,782.0,7199.958333,9040.0,12.8,0.0,,0.0,
,debt_consolidation,,,,19.05,,5009.958333,,94.6,,0.0,0.0,0.0
1.0,,0.0894,285.95,,,,7529.958333,,74.6,,,,
,,0.1284,,10.23466006,,682.0,4020.0,4002.0,,,0.0,,
1.0,,,382.34,10.41271189,18.07,,3300.0,6720.0,88.4,,,,
1.0,,,,10.04324949,9.08,702.0,7379.041667,5999.0,,,,,0.0
,,0.1221,,10.71441777,,,5699.958333,,,,,,1.0
,,,,,2.34,792.0,,,,,,,0.0
,credit_card,,,10.4341158,21.46,,,12439.0,,0.0,,0.0,0.0
1.0,,,316.11,11.15625052,15.38,,5100.0,,,0.0,,,
,,,495.21,11.53479458,10.51,,10500.0,37281.0,69.4,,0.0,,
1.0,,,178.68,11.46163217,1.2,812.0,,50.0,0.3,,,0.0,0.0
,,,,10.727663,0.26,,,0.0,,3.0,,0.0,
1.0,,0.1134,246.75,,,687.0,,8359.0,,2.0,,,0.0
,debt_consolidation,0.0976,,,7.03,737.0,,,,,0.0,0.0,
1.0,,,412.6,,,682.0,4049.958333,,85.8,1.0,0.0,0.0,
1.0,debt_consolidation,,,,20.96,,3659.958333,15677.0,49.9,,0.0,0.0,
,debt_consolidation,,,,,,7680.0,24911.0,,,2.0,0.0,0.0
,debt_consolidation,0.1392,,10.08580911,16.2,672.0,,7893.0,59.3,,,0.0,
,,,156.84,,5.55,,,,26.3,0.0,,,
1.0,,,271.4,,13.07,,4230.041667,,,0.0,,,1.0
,all_other,,622.22,,,737.0,7560.041667,,,2.0,,,1.0
1.0,debt_consolidation,0.1122,,10.30895266,,,1770.0,12310.0,86.1,,0.0,0.0,0.0
1.0,,0.1273,503.5,11.46163217,,,,,54.2,0.0,,,
1.0,debt_consolidation,,,10.30895266,13.44,,1289.958333,,81.6,1.0,0.0,0.0,0.0
1.0,,,457.05,,,,,2350.0,63.5,0.0,,0.0,
1.0,,0.16,703.15,11.23843599,,697.0,4649.958333,,99.3,,,,0.0
1.0,debt_consolidation,,,11.35040654,,727.0,,,92.2,0.0,,0.0,
1.0,,0.1311,242.97,10.2791805,9.68,,,,,,,,
1.0,all_other,0.0932,159.74,,10.46,,,,,1.0,0.0,,
1.0,,0.1183,,11.22524339,18.88,,,,29.6,,1.0,0.0,0.0
1.0,debt_consolidation,0.0859,205.47,,12.28,742.0,,29437.0,,2.0,0.0,0.0,0.0
,credit_card,,202.81,10.99142642,,682.0,4289.958333,6891.0,,,,0.0,
1.0,,,,11.19821472,6.94,,,,,0.0,0.0,,
1.0,,0.145,,10.42228135,,,2940.0,8731.0,,1.0,0.0,,1.0
0.0,,0.1304,,11.15625052,,,3120.0,,8.7,6.0,0.0,,0.0
,,,407.63,11.60823564,,677.0,,7259.0,59.0,,,1.0,0.0
,debt_consolidation,,573.16,10.71708089,16.44,,,,,,,0.0,0.0
1.0,,,494.53,,7.35,742.0,,,,,,0.0,
,,,,10.91508846,,717.0,4455.958333,,77.5,,,,
1.0,,,116.61,10.85892207,,707.0,,,,2.0,,,1.0
,,0.1474,,,,,,124.0,41.3,,,0.0,
,,,,11.08214255,,717.0,2190.958333,,57.4,0.0,0.0,,
,,0.1253,,10.97678203,18.22,697.0,,6917.0,73.6,,,0.0,0.0
1.0,,,,12.04355372,,687.0,3479.041667,11011.0,,,,,
1.0,,0.0932,,10.51867319,,737.0,,22450.0,52.9,1.0,0.0,,0.0
,credit_card,,319.47,10.53209621,16.64,,,,40.6,,0.0,,0.0
0.0,small_business,0.1878,,11.28978191,,702.0,5911.041667,33761.0,,4.0,,0.0,
1.0,all_other,,,,11.11,,4380.0,4351.0,76.3,0.0,,,
0.0,small_business,,796.26,,,,8250.041667,,,2.0,0.0,,1.0
1.0,,,130.66,,15.57,,2340.041667,,62.1,2.0,0.0,0.0,
0.0,all_other,0.1316,,9.952277717,,677.0,,9369.0,76.2,4.0,0.0,,
,debt_consolidation,,,10.96819829,,717.0,,,84.2,0.0,0.0,0.0,0.0
,,0.1426,343.06,11.66134547,15.74,677.0,4410.041667,,57.1,,,0.0,0.0
,all_other,,,11.28978191,0.38,667.0,8370.0,,3.3,,1.0,,
,,0.1551,,,25.11,,5159.0,,76.6,2.0,0.0,0.0,
,,0.1083,685.83,10.96819829,,737.0,,,17.8,0.0,1.0,0.0,0.0
1.0,debt_consolidation,0.1284,268.95,,18.6,682.0,,,65.3,3.0,,0.0,
1.0,all_other,,,10.49127422,,,3690.0,,,0.0,,,1.0
,,,460.69,,,762.0,5108.0,,20.7,0.0,0.0,,
1.0,,,316.11,11.28978191,,,,,,,,0.0,0.0
,,0.1304,,,7.02,,3720.0,61977.0,,,,,
,debt_consolidation,0.1136,,11.00209984,15.28,,2640.0,,,,0.0,0.0,0.0
1.0,debt_consolidation,0.1183,198.81,,3.44,707.0,3330.041667,,38.7,,0.0,0.0,0.0
1.0,debt_consolidation,,,10.91523391,7.0,,,,,1.0,,0.0,0.0
,small_business,,,10.30895266,,677.0,1522.0,,,2.0,0.0,0.0,
1.0,,,,10.77895629,10.35,757.0,5519.958333,,,,,0.0,
,debt_consolidation,,340.76,11.08214255,,687.0,2400.0,,,0.0,,0.0,
1.0,debt_consolidation,,,,13.51,737.0,9150.0,,,1.0,1.0,0.0,0.0
0.0,,0.1412,71.9,,8.11,,,5057.0,26.6,,,,
,,0.1221,249.87,,,,5464.0,,,3.0,,,
1.0,,,263.23,11.15625052,3.05,,4020.958333,,,,,,
1.0,home_improvement,0.0945,272.09,10.81977828,,762.0,,,18.0,,0.0,0.0,0.0
,,,,10.17732422,,697.0,,,,0.0,0.0,0.0,1.0
1.0,all_other,0.08,,10.81977828,,,3960.0,,,,,0.0,
,,,,,,722.0,5219.958333,,,,,0.0,
0.0,,,299.7,9.980448594,,737.0,,989.0,23.5,6.0,,0.0,1.0
0.0,,,,9.655026193,14.23,652.0,,6312.0,60.7,4.0,0.0,,
,,0.1158,594.25,11.49272276,,,,,,,,0.0,
1.0,,,282.03,,,772.0,5969.958333,57033.0,,0.0,0.0,0.0,
1.0,all_other,,,13.71015004,1.16,747.0,4890.0,,44.0,,0.0,,0.0
1.0,small_business,0.1496,207.87,11.35040654,11.55,,,,,0.0,,,
0.0,,,,11.06663836,20.83,662.0,3269.0,,,,0.0,,1.0
1.0,,,448.05,,,677.0,,7719.0,,,,,0.0
,,,125.94,10.37361617,15.07,762.0,,,16.5,0.0,,,
,debt_consolidation,,532.8,,16.4,712.0,6960.0,12295.0,,0.0,,0.0,
,,0.1461,,11.81303006,8.04,767.0,,,,2.0,,0.0,0.0
,,0.1568,420.02,,,667.0,3389.958333,7805.0,41.9,0.0,0.0,,
,debt_consolidation,0.1316,324.2,10.46310334,,697.0,,,,,0.0,0.0,
,debt_consolidation,0.1148,131.88,,,742.0,,2529.0,11.7,,0.0,0.0,
1.0,,,,11.21182037,,,,24401.0,,,,,0.0
,,,,12.61153775,,,,41491.0,,0.0,0.0,,0.0
1.0,,,,,,,6810.0,13625.0,41.2,,,,0.0
1.0,debt_consolidation,0.1261,201.04,10.30895266,19.92,672.0,1800.0,3211.0,,2.0,,0.0,
1.0,all_other,0.1178,240.05,,,707.0,,,,1.0,,0.0,
0.0,,,,10.71441777,13.6,,,13740.0,,4.0,,,
,,,159.74,,8.45,,,20334.0,25.5,,,,0.0
1.0,all_other,,,,13.5,692.0,2370.041667,6045.0,,1.0,0.0,,
,,0.1568,,10.9355326,,,,,,1.0,0.0,,
,credit_card,,,,,742.0,,9347.0,13.5,,,,0.0
,debt_consolidation,0.1008,206.76,,8.11,,,5815.0,,2.0,0.0,1.0,0.0
,all_other,0.1158,,11.55214618,18.25,,,,84.6,1.0,0.0,,0.0
,,0.1505,,,,,7080.041667,,,2.0,0.0,0.0,1.0
,,0.1095,,,,,,1085.0,,,0.0,,
1.0,,,133.26,10.57131693,24.98,,,6714.0,57.9,,0.0,0.0,
,,,,,13.96,,2294.041667,6365.0,,,,,
,,0.1317,216.17,,16.09,662.0,4865.958333,,74.4,,,0.0,
1.0,,0.0894,317.72,11.1844214,9.38,,5943.041667,,,,0.0,,0.0
1.0,,0.1719,185.89,10.30895266,,662.0,1554.0,1815.0,,1.0,,,
1.0,,,31.78,,,,,,,2.0,,,0.0
,,,840.83,11.28978191,12.97,,1890.0,6999.0,29.2,5.0,0.0,,
1.0,all_other,,260.82,12.27839331,,707.0,6630.0,,,0.0,0.0,,0.0
1.0,,0.1114,196.83,10.77895629,8.82,,3239.958333,3688.0,,0.0,0.0,,
,,,,,21.17,757.0,,25133.0,38.8,1.0,,0.0,0.0
1.0,credit_card,,,,,702.0,,8716.0,,,,0.0,
0.0,,0.147,172.59,,15.14,,3299.0,36662.0,,,0.0,0.0,
0.0,debt_consolidation,,557.48,11.8493977,,652.0,6239.041667,,89.6,2.0,,0.0,1.0
,debt_consolidation,0.0988,,11.73606902,,,4350.0,,40.5,,0.0,0.0,
,debt_consolidation,0.0894,,10.91508846,,,2819.958333,7883.0,,0.0,0.0,0.0,0.0
,,0.1505,173.46,,14.04,,,9952.0,97.6,,0.0,0.0,0.0
1.0,credit_card,0.1221,,,15.14,687.0,13140.0,,71.4,2.0,,,0.0
,small_business,0.1704,713.49,12.13598274,,,,,,0.0,,,
1.0,,,,10.83958091,,,,,2.4,5.0,0.0,0.0,
,small_business,0.1565,,11.08214255,11.94,,6897.0,13583.0,,,,,1.0
,,0.1284,504.27,11.46163217,,697.0,,,77.1,0.0,,,
1.0,all_other,0.0963,,10.97678203,24.57,,8849.958333,,,,0.0,0.0,
,all_other,,,,16.97,797.0,,3658.0,,0.0,,0.0,0.0
,,0.1221,283.18,,19.42,,1800.0,,,,,0.0,
,,0.0894,,,7.58,752.0,2610.041667,,,,0.0,0.0,
,,,734.42,,8.86,,,9881.0,,0.0,,0.0,
,,,716.95,,,667.0,,,64.1,4.0,0.0,0.0,0.0
1.0,debt_consolidation,0.1357,461.98,,,687.0,3690.0,,,,,0.0,
,,,,10.11070495,,692.0,,,70.3,0.0,,,
,,,268.95,,0.0,717.0,1440.0,,0.0,3.0,0.0,0.0,1.0
,,0.1336,101.61,,17.46,662.0,1860.041667,4922.0,65.6,,0.0,,
1.0,educational,0.16,225.01,,,,,395.0,1.7,2.0,1.0,,0.0
1.0,,,,10.22557105,3.78,,3300.0,,,,0.0,,
,debt_consolidation,,738.46,,12.16,,,13871.0,,,0.0,0.0,0.0
1.0,,0.0807,,11.91839057,,792.0,5364.958333,,3.7,0.0,0.0,,0.0
1.0,all_other,,339.69,11.60823564,,687.0,3330.0,1584.0,,,,,
1.0,debt_consolidation,0.1189,,11.45105006,13.93,717.0,7079.958333,,24.1,1.0,0.0,0.0,
0.0,debt_consolidation,0.1659,35.45,,27.55,647.0,,,77.1,3.0,0.0,0.0,
1.0,debt_consolidation,0.1096,,,,712.0,,25925.0,66.1,,,0.0,
,debt_consolidation,0.1505,173.46,,8.2,,,8209.0,50.0,5.0,,0.0,
0.0,debt_consolidation,0.1261,,,,,1020.0,1.0,,0.0,0.0,0.0,
,all_other,0.1513,,11.2515607,10.25,,3332.0,,66.0,,0.0,,0.0
,debt_consolidation,0.1797,225.86,10.6454249,,662.0,,28432.0,57.1,3.0,1.0,0.0,1.0
1.0,debt_consolidation,0.0894,,10.34174248,16.41,,3330.041667,,,1.0,0.0,0.0,
1.0,all_other,,681.89,,,,3629.958333,8641.0,41.9,0.0,0.0,0.0,
,debt_consolidation,0.1615,176.16,,24.36,652.0,7379.0,,81.9,3.0,,0.0,
,,,240.08,10.71441777,1.57,722.0,7560.0,2258.0,10.7,,0.0,,
0.0,,0.1126,123.24,11.22524339,,712.0,5550.0,,21.4,4.0,0.0,0.0,
1.0,major_purchase,0.1114,,,,737.0,,,26.8,,,0.0,
0.0,,0.138,109.06,10.86856845,17.44,,,,64.2,1.0,3.0,0.0,0.0
1.0,credit_card,0.16,,10.49127422,,667.0,,,,0.0,,,0.0
,,0.0788,,11.47435094,,777.0,,,0.4,,,0.0,
,debt_consolidation,0.1488,,11.23848862,,667.0,3899.041667,15773.0,,0.0,0.0,0.0,1.0
1.0,all_other,,67.49,,6.19,717.0,,0.0,0.0,,0.0,0.0,
1.0,,0.0774,,,,,,2629.0,,,,0.0,0.0
,home_improvement,0.0894,317.72,10.15812977,0.0,797.0,4500.0,,0.0,0.0,,0.0,
0.0,debt_consolidation,0.1461,517.13,,,682.0,,80237.0,,,0.0,0.0,0.0
0.0,all_other,0.1078,326.35,10.36501788,,702.0,3629.0,2294.0,22.9,5.0,0.0,,1.0
1.0,,,,,7.38,,,27399.0,41.1,,,,0.0
1.0,all_other,0.1253,,,,,,,54.4,3.0,,0.0,1.0
1.0,,0.1189,,10.78103746,,,,53287.0,0.2,5.0,0.0,,1.0
1.0,,,90.77,10.71441777,9.17,,,,,0.0,0.0,,
,,0.1316,270.17,,,,4320.0,113463.0,92.8,0.0,,,0.0
1.0,all_other,,,,,,,1942.0,,,0.0,,0.0
,debt_consolidation,,,11.14186178,,702.0,,,,0.0,,0.0,0.0
,,0.1442,171.92,,,672.0,,9493.0,56.8,1.0,0.0,,
1.0,all_other,,114.82,,,782.0,,0.0,,,0.0,,0.0
1.0,,,471.79,11.31447453,4.71,,,,17.9,,1.0,0.0,0.0
,home_improvement,,,,16.77,,2923.0,7708.0,48.2,,,0.0,
,,0.1146,329.57,10.89673933,,,5250.0,21462.0,40.9,1.0,0.0,,0.0
0.0,,0.1632,670.96,,,,,,,,2.0,,
,,0.1183,,,,752.0,5942.041667,,,,0.0,,
,,0.1284,672.36,11.91839057,10.18,707.0,6629.958333,22139.0,43.8,1.0,,,0.0
,all_other,0.1379,,10.95080655,15.16,682.0,2220.0,,16.6,,,0.0,
0.0,all_other,,,10.77895629,26.08,687.0,,32005.0,,1.0,,0.0,0.0
,all_other,0.1189,215.57,,18.1,702.0,,14575.0,,,,0.0,0.0
,,0.1183,,,,757.0,,,35.7,,0.0,,0.0
,,,84.51,10.54534144,15.6,692.0,,3777.0,35.0,,,,
1.0,,,836.23,,,692.0,,6530.0,,0.0,1.0,,0.0
1.0,,0.0768,374.29,,,,,,32.3,,0.0,0.0,
,,,525.03,11.69524702,,682.0,,87502.0,96.4,,,0.0,0.0
,credit_card,0.1253,259.37,,24.54,,,72544.0,,,,0.0,
,,,,11.15625052,,662.0,,,50.5,0.0,0.0,,
,debt_consolidation,0.0964,320.99,,8.17,,3300.0,,63.0,,,0.0,0.0
1.0,home_improvement,0.1284,,,0.39,712.0,8159.958333,,28.4,,0.0,,
,educational,,202.81,10.49127422,2.33,,,377.0,47.1,,0.0,,0.0
1.0,debt_consolidation,0.1312,,11.35040654,16.87,,9059.958333,34776.0,54.3,0.0,0.0,0.0,1.0
,debt_consolidation,0.1311,330.7,,8.25,,6635.0,,18.4,,,0.0,
1.0,,0.1322,304.21,11.41751528,9.81,,6839.958333,,,,,0.0,0.0
,credit_card,,,,23.32,,3360.0,,,1.0,,0.0,0.0
1.0,credit_card,0.1008,193.83,,,712.0,,,,1.0,,0.0,
1.0,credit_card,,,10.30895266,,,5190.0,,47.1,0.0,,0.0,0.0
,all_other,,142.98,,,,,50284.0,,3.0,0.0,,0.0
,,0.1183,,,15.87,,,,44.8,1.0,,,1.0
,debt_consolidation,,327.53,,13.48,702.0,,9697.0,,0.0,,0.0,0.0
1.0,debt_consolidation,,,,,702.0,,,,,0.0,0.0,1.0
,all_other,,199.89,,0.79,737.0,1440.0,2768.0,23.3,,0.0,0.0,0.0
,all_other,0.1148,98.91,10.858999,21.72,707.0,4410.0,11791.0,,,0.0,0.0,
0.0,,,662.68,,19.22,737.0,,121874.0,,1.0,,0.0,
1.0,,0.1442,343.83,11.00209984,8.0,677.0,,1547.0,20.9,3.0,0.0,0.0,
,credit_card,,150.59,11.15625052,,707.0,12150.0,,,,0.0,0.0,0.0
1.0,all_other,,,,,,,1742.0,7.9,,0.0,0.0,1.0
,credit_card,0.1496,,10.86856845,,722.0,,,95.9,0.0,0.0,0.0,0.0
1.0,,,,,,,,,36.2,1.0,,,
1.0,,,,10.9329641,14.38,712.0,4080.0,,37.8,,,0.0,
,,0.16,,,6.71,697.0,,,99.8,0.0,0.0,0.0,1.0
,debt_consolidation,,69.98,10.11047245,,,8190.041667,2999.0,39.5,,,0.0,
1.0,,,,,,,2550.0,5820.0,48.5,0.0,0.0,0.0,
,,0.1183,,,,,,,,,,0.0,0.0
,credit_card,0.1008,232.6,10.54534144,18.09,,,12391.0,66.6,,0.0,0.0,0.0
,credit_card,,442.08,11.22524339,14.96,692.0,,,90.1,,1.0,,
,,,684.58,11.54034606,,,,92549.0,51.6,6.0,,,0.0
,debt_consolidation,0.1392,348.2,10.91508846,19.75,687.0,,,,,0.0,0.0,
0.0,,,210.01,10.81977828,5.64,,4350.0,9400.0,,,0.0,0.0,
,,0.1635,,10.40426284,7.89,702.0,,,,1.0,0.0,0.0,
1.0,,,,,,,8850.0,,91.5,0.0,0.0,0.0,1.0
,,,,,,692.0,,,52.7,0.0,,1.0,1.0
1.0,,0.1565,,,,682.0,,,,,0.0,0.0,0.0
1.0,all_other,0.1183,,,23.93,,,0.0,,2.0,,0.0,0.0
1.0,debt_consolidation,,,11.48452599,,707.0,,,,1.0,0.0,0.0,0.0
,,0.1392,443.78,11.1124479,,,,19335.0,74.4,0.0,0.0,,0.0
,,,,11.47210347,10.95,,,19304.0,41.8,2.0,1.0,,
,,,,10.81985828,14.66,722.0,,11212.0,,,,,0.0
1.0,,0.0714,,11.14186178,0.2,,,,,0.0,,,
1.0,major_purchase,0.0807,,,,757.0,,,13.7,,0.0,0.0,0.0
,,0.1758,,10.77895629,,,,,,7.0,0.0,0.0,
,debt_consolidation,,313.37,10.34817337,,772.0,3510.0,944.0,19.7,2.0,0.0,0.0,1.0
,,,,,20.0,,,,,3.0,,0.0,1.0
,credit_card,,,,,727.0,,,70.5,,0.0,0.0,0.0
1.0,,,200.8,10.49127422,19.0,687.0,2880.0,7333.0,34.7,,,,0.0
1.0,credit_card,,586.9,11.22524339,10.34,697.0,,23391.0,,1.0,0.0,0.0,
1.0,debt_consolidation,0.1392,,11.03488966,,,,,85.4,,0.0,0.0,
1.0,home_improvement,,,,2.55,742.0,,,15.4,,0.0,0.0,0.0
1.0,,0.0774,,11.29601246,,,3630.0,,41.4,3.0,0.0,,0.0
1.0,debt_consolidation,,,,,687.0,1140.041667,,58.5,,,0.0,0.0
1.0,credit_card,,,,,,4051.0,,,0.0,,,0.0
0.0,,0.08,125.35,,,752.0,539.9583333,,2.9,,,,
,,,,10.4341158,,,,,95.5,,0.0,,0.0
,,0.1316,81.05,11.26061054,19.1,,,,23.1,2.0,,,0.0
,all_other,,138.68,10.30895266,17.08,,4500.0,10655.0,,1.0,,,
1.0,,0.1078,,9.308283446,,,,1.0,0.2,,,1.0,
,all_other,,,11.12732181,,,5040.0,468.0,,,,0.0,0.0
,,0.1628,303.55,,,667.0,,9221.0,98.1,,2.0,0.0,0.0
,,0.1505,,10.63585545,18.95,,,,44.6,3.0,1.0,0.0,
,,0.183,907.6,12.7367009,11.99,,5190.0,5011.0,,7.0,0.0,,0.0
,,,488.4,11.3736634,,,,,,2.0,,,
1.0,home_improvement,0.1461,517.13,,,682.0,,6618.0,30.5,,0.0,,
,,0.0976,,12.07254125,3.17,742.0,2820.0,1436.0,,,0.0,,
,,,822.78,11.41861479,,727.0,,,65.8,0.0,,0.0,0.0
0.0,,0.1186,348.03,10.81977828,13.8,682.0,,18927.0,77.9,,,,0.0
1.0,,0.1474,,9.852194258,,697.0,1260.041667,7249.0,47.1,,0.0,,
,debt_consolidation,0.1261,,11.38053628,14.92,692.0,,78284.0,,,1.0,0.0,0.0
1.0,,,174.44,,24.57,662.0,2435.0,1851.0,,,0.0,,
,,0.1166,,,12.94,,,36467.0,,,0.0,0.0,
0.0,,0.1375,,10.68051622,3.01,,1260.0,,,,0.0,1.0,1.0
1.0,debt_consolidation,0.1091,,,15.74,,1500.041667,,,,,0.0,
,,0.1095,261.71,,,722.0,6540.0,55723.0,55.8,3.0,,,
,home_improvement,,,,,,8550.0,9586.0,,2.0,,0.0,0.0
1.0,,0.0932,,10.79957558,19.64,737.0,4110.0,,79.8,,,,0.0
,,,101.41,10.38899537,22.74,677.0,,8109.0,,1.0,,0.0,0.0
1.0,debt_consolidation,,246.45,10.46321762,,677.0,2640.0,10606.0,62.0,,,0.0,0.0
,,0.1039,,,,737.0,,200583.0,23.1,1.0,,0.0,1.0
,,,481.42,,,777.0,,,,,,0.0,0.0
1.0,,,505.7,11.98292909,12.61,692.0,,30055.0,72.1,,,0.0,0.0
1.0,credit_card,,202.31,,,,,,,,0.0,,
,debt_consolidation,0.1253,501.16,,16.08,,3629.958333,,66.6,,,0.0,
,credit_card,0.1099,327.36,,,,,14287.0,,,0.0,0.0,
1.0,credit_card,0.0932,383.37,,,,7230.0,,,0.0,0.0,0.0,
,debt_consolidation,0.0894,476.58,,,792.0,7118.958333,13316.0,33.3,,,0.0,
,,,430.31,,,697.0,,4759.0,21.2,,,,
1.0,small_business,,,,4.62,677.0,2249.958333,,,0.0,,1.0,0.0
,debt_consolidation,0.1273,,,,712.0,4230.041667,,,0.0,0.0,0.0,
0.0,debt_consolidation,,453.52,,,,,8545.0,82.2,3.0,,0.0,
1.0,,0.0894,222.41,10.49127422,,752.0,3270.0,0.0,,,0.0,,0.0
,,0.1324,608.58,,,,3151.041667,5855.0,,0.0,0.0,1.0,
,,,492.06,,13.68,802.0,,,,,0.0,,0.0
1.0,debt_consolidation,,155.3,11.35977429,,822.0,,,5.5,0.0,0.0,0.0,
,,,619.5,11.03488966,22.06,,,,,1.0,0.0,0.0,0.0
,all_other,,94.84,11.64780595,,,,531.0,,,0.0,,
1.0,all_other,,,9.574983486,,737.0,2250.0,0.0,0.0,,0.0,0.0,1.0
1.0,debt_consolidation,,,,,702.0,1890.0,,,0.0,,0.0,
1.0,,0.1286,,,,,1950.0,12596.0,46.3,0.0,,,0.0
,,,38.8,10.30895266,19.76,,,,,,,0.0,0.0
0.0,all_other,,134.98,,2.35,682.0,4530.041667,,,,,,0.0
1.0,,0.1183,,,16.48,,6839.958333,3689.0,,2.0,,,0.0
1.0,credit_card,0.1284,,,,,4179.958333,,,,0.0,0.0,0.0
0.0,major_purchase,0.1299,,9.903487553,,657.0,,,,,0.0,0.0,
,,,,10.91508846,,667.0,,,59.0,12.0,,,1.0
1.0,,,197.82,,18.24,,5009.958333,,70.9,1.0,,0.0,
1.0,debt_consolidation,0.08,,10.73639668,,762.0,11700.0,74759.0,13.9,0.0,0.0,0.0,
,all_other,,144.95,10.35774282,,722.0,,1792.0,39.8,,0.0,,0.0
1.0,all_other,,,9.998797732,,697.0,2159.958333,,52.3,0.0,,,
,debt_consolidation,,,11.47210347,,667.0,4620.041667,,,1.0,0.0,0.0,
,,,,,12.1,682.0,,13782.0,,0.0,,0.0,0.0
1.0,debt_consolidation,0.1347,,10.14643373,,,,,,0.0,1.0,0.0,
,,,201.8,11.08220409,,,,,,1.0,,,
,,0.167,,11.91839057,,,,5306.0,96.5,,,1.0,0.0
1.0,,,340.76,,,697.0,,10852.0,64.2,1.0,,1.0,
1.0,,0.1379,681.51,,14.94,,4499.958333,,45.1,0.0,,0.0,
,credit_card,0.16,210.95,,13.75,662.0,3929.958333,,90.9,,0.0,0.0,0.0
,debt_consolidation,0.0859,,11.22524339,,747.0,6060.041667,8119.0,,,,0.0,
,,0.1545,,11.35040654,21.91,657.0,3839.041667,,94.4,3.0,0.0,,0.0
,debt_consolidation,0.1474,,10.16600565,14.72,,3480.0,,,,,0.0,
1.0,all_other,0.1496,,9.574983486,11.0,697.0,,2367.0,56.4,0.0,0.0,,1.0
1.0,,,67.94,10.49127422,,,,1790.0,,,,0.0,
,major_purchase,0.1218,499.5,10.37349118,,752.0,1709.958333,,0.5,2.0,0.0,0.0,
,debt_consolidation,,681.51,12.4292162,5.4,687.0,,,78.7,,,0.0,0.0
0.0,major_purchase,,,10.23995979,,,,0.0,0.0,6.0,0.0,,0.0
1.0,debt_consolidation,0.1183,99.41,,9.43,,,,,2.0,,0.0,
,credit_card,,481.42,,16.56,,,17709.0,31.1,,,,
1.0,,0.1114,,,,732.0,,,,,,0.0,0.0
0.0,,,,11.73606902,,,7440.041667,,92.5,1.0,,,
,,,,,21.99,762.0,,,,3.0,,0.0,0.0
,,0.1218,199.8,10.40426284,,727.0,,3106.0,,5.0,,0.0,0.0
,,0.0859,252.89,,,,,,9.3,,0.0,0.0,
,,0.0838,94.54,,6.72,,,,27.4,9.0,0.0,,0.0
,debt_consolidation,,,,,667.0,8011.0,88599.0,,,1.0,0.0,
1.0,,0.1533,,10.95080655,22.76,677.0,7005.0,24648.0,90.0,,0.0,,
,credit_card,0.1218,,,,,,11530.0,,0.0,0.0,,0.0
,,,,,,,7440.041667,2444.0,5.6,3.0,,,
,,,,,,707.0,,1464.0,,4.0,2.0,,
1.0,,0.1379,340.76,,4.95,687.0,3150.041667,,14.9,,0.0,0.0,
,debt_consolidation,,217.6,10.1266311,13.73,712.0,,,,,0.0,0.0,0.0
1.0,,0.0932,,11.11988288,,727.0,,,,0.0,,,0.0
0.0,small_business,0.1916,293.9,10.57704408,,,,634.0,,3.0,0.0,0.0,
,debt_consolidation,0.0933,,11.00209984,0.82,767.0,2100.0,916.0,6.8,0.0,,0.0,0.0
,all_other,0.1114,328.04,,8.1,742.0,5040.0,,,,,0.0,
1.0,,,687.66,,16.97,697.0,7799.958333,,84.9,,0.0,,0.0
1.0,,0.0863,,10.81977828,,797.0,,,,,,,
,all_other,,,,7.77,,,,,,0.0,0.0,
,,,469.93,,,707.0,6120.041667,,,0.0,,,0.0
1.0,,,93.57,10.81977828,,757.0,,,10.5,,,,0.0
1.0,,,,,5.94,722.0,5759.958333,256.0,2.0,0.0,0.0,0.0,1.0
1.0,,0.1222,,10.63585545,22.36,677.0,,12785.0,,2.0,0.0,0.0,0.0
1.0,credit_card,0.1221,,,,772.0,,7405.0,18.5,0.0,,0.0,0.0
0.0,,,135.09,,,,3870.0,,49.9,4.0,,,0.0
,,0.08,,,9.98,,,,27.9,,,0.0,0.0
,,,,11.05089001,,,3509.958333,,97.1,0.0,,,
1.0,,,97.53,,,727.0,,14582.0,26.7,,0.0,0.0,1.0
1.0,,0.1218,807.53,11.88172659,10.39,,9240.0,,37.5,,,0.0,
,,0.1284,,11.77528973,,682.0,3210.0,12417.0,,0.0,0.0,,0.0
,debt_consolidation,,,11.08214255,,692.0,1979.958333,,72.5,0.0,0.0,0.0,
,home_improvement,0.1385,,,7.89,,,0.0,,0.0,0.0,,0.0
1.0,debt_consolidation,,,,10.44,,,,82.7,,,0.0,0.0
,,0.1221,333.15,,11.42,,1950.041667,,,,0.0,0.0,
,,,,11.64395373,15.39,,11010.0,,,0.0,,,0.0
,debt_consolidation,0.1292,807.74,,,697.0,,21364.0,86.5,0.0,0.0,0.0,1.0
,,,121.56,,,,,,,3.0,,0.0,
,,,,,,742.0,,10232.0,,,,,
1.0,,0.1695,,11.27090486,,662.0,,82.0,1.3,,1.0,,
1.0,,0.0932,,,8.52,737.0,,,57.5,,0.0,0.0,0.0
,debt_consolidation,0.0894,155.69,,10.65,,3330.041667,26192.0,54.5,,,0.0,
,debt_consolidation,,,11.23848862,,737.0,5040.0,2261.0,17.5,,,0.0,1.0
1.0,credit_card,,219.36,11.41861479,,752.0,,21135.0,19.7,,,,0.0
,credit_card,0.1426,,10.81977828,,677.0,5565.0,7156.0,56.3,2.0,,,
1.0,debt_consolidation,0.1357,679.37,,,702.0,,,62.9,,0.0,0.0,0.0
,debt_consolidation,0.1114,,,14.88,747.0,,546.0,3.7,4.0,,0.0,0.0
1.0,,0.0774,,,,757.0,6870.0,11602.0,,,0.0,,
,all_other,0.1197,66.4,,10.4,,3839.958333,,,,0.0,,
,debt_consolidation,0.1474,,,,682.0,7620.0,,71.9,,0.0,0.0,0.0
0.0,,0.1355,,,15.06,657.0,,42670.0,65.5,,,,0.0
1.0,all_other,0.1158,,10.51867319,,,2250.0,0.0,0.0,1.0,,,0.0
,,,72.17,10.70099475,,,,,,6.0,,,0.0
1.0,,0.0743,155.38,11.35040654,,,3540.0,,,0.0,,0.0,
0.0,debt_consolidation,,204.69,11.22524339,25.84,702.0,,30509.0,69.2,0.0,0.0,0.0,0.0
,home_improvement,0.1287,,10.57131693,,,4080.0,903.0,,,0.0,,0.0
,,,293.77,,,667.0,4410.0,,,,0.0,0.0,0.0
1.0,small_business,,73.68,,16.89,,,51.0,,0.0,0.0,0.0,
,,,,10.6454249,,687.0,,8091.0,30.9,,0.0,0.0,
,debt_consolidation,,,,,,,,70.9,0.0,0.0,0.0,0.0
,,0.1158,726.3,,19.82,,,,71.2,3.0,0.0,0.0,
1.0,debt_consolidation,0.1114,367.4,10.46310334,10.8,,3810.041667,10631.0,,3.0,0.0,0.0,
1.0,debt_consolidation,0.1459,448.05,,13.64,677.0,2850.041667,10525.0,80.3,0.0,0.0,0.0,0.0
,home_improvement,0.1178,,,,,,,96.6,,0.0,,1.0
,debt_consolidation,,,,,702.0,3630.0,23369.0,58.0,2.0,0.0,0.0,0.0
1.0,debt_consolidation,0.1183,447.31,,22.54,,6000.041667,13813.0,52.7,,0.0,0.0,0.0
1.0,,,190.55,,18.74,,,10655.0,,2.0,0.0,,
,debt_consolidation,,,,,,,,76.8,,,0.0,0.0
0.0,,0.1601,,,27.21,,,7087.0,,,1.0,0.0,0.0
1.0,,,500.09,10.93310697,24.04,667.0,4440.0,,98.8,,0.0,0.0,
,,0.1287,50.45,11.00209984,,677.0,8820.041667,,,0.0,,0.0,
1.0,,,,10.71441777,3.97,,2789.0,2025.0,,,0.0,,1.0
,,,497.01,,11.0,732.0,2879.958333,,,1.0,,,
0.0,,0.1501,,11.03488966,17.03,,9390.0,15780.0,,,,0.0,
1.0,,,,,7.2,,2944.0,4355.0,24.1,,,,0.0
,,,300.12,10.49127422,,687.0,,12326.0,,1.0,0.0,,0.0
,,0.1134,296.1,11.7905572,,,4889.958333,,,,0.0,,0.0
1.0,small_business,0.2011,623.4,,,662.0,3960.0,,,0.0,1.0,1.0,1.0
,,0.1183,430.75,,,717.0,,14331.0,,1.0,0.0,,0.0
1.0,,0.1568,280.02,,,,4499.958333,,59.8,0.0,0.0,,0.0
1.0,small_business,,95.85,,,762.0,6544.0,1870.0,,0.0,0.0,,
1.0,,,,10.87804719,11.59,,,7398.0,70.5,,,0.0,0.0
1.0,,,,,7.09,,4950.041667,613.0,,,0.0,,
1.0,,,,10.23995979,,,1890.0,12593.0,,1.0,0.0,0.0,
0.0,major_purchase,,128.62,,,,,0.0,19.3,,,0.0,0.0
,,0.0894,317.72,,,,,,81.0,3.0,0.0,,
1.0,credit_card,0.0894,349.49,11.66134547,,,,,,0.0,0.0,,
,,,,,10.82,,,,,1.0,0.0,0.0,
,debt_consolidation,,48.68,,,697.0,,19.0,,,,0.0,
,home_improvement,0.1148,,11.8493977,21.77,,4207.041667,,3.3,1.0,0.0,0.0,
,all_other,,202.28,11.77528973,,,,,50.7,3.0,,,0.0
,,,243.97,,,667.0,,33102.0,99.4,2.0,0.0,,
1.0,educational,,,,,,,,,,0.0,,0.0
,debt_consolidation,,,10.72317927,14.7,682.0,3060.041667,6474.0,,,,0.0,
1.0,debt_consolidation,,84.05,,,,5670.0,,,1.0,,0.0,0.0
1.0,,0.0894,,11.22524339,,762.0,4200.958333,,,,0.0,,0.0
,,,158.06,,8.02,737.0,,,30.7,1.0,0.0,,
,all_other,,,,,662.0,3060.041667,,81.6,0.0,0.0,0.0,
,,,,10.59663473,23.13,662.0,,,85.4,3.0,0.0,,
,,0.1347,,11.03488966,10.35,,1829.958333,,,0.0,0.0,,
,all_other,,,10.69194491,17.13,,2280.0,,,,,,
,debt_consolidation,,398.4,10.71441777,22.67,702.0,,,66.7,0.0,0.0,0.0,
,debt_consolidation,,129.34,10.49127422,7.07,,,,,,0.0,0.0,
1.0,,,249.43,,19.73,692.0,,,22.9,,0.0,0.0,0.0
,debt_consolidation,,,10.30895266,11.36,672.0,,,57.0,1.0,,0.0,0.0
,all_other,,,,16.15,,5669.958333,,7.6,1.0,0.0,,1.0
1.0,,,,,17.28,,3996.0,11132.0,,1.0,,0.0,1.0
1.0,,0.0894,317.72,,7.68,,5160.041667,6525.0,7.8,3.0,,,
1.0,small_business,,255.57,10.93310697,,,,3554.0,37.8,,,,0.0
,,,,10.858999,11.15,672.0,,,24.2,,,,0.0
,all_other,,,,17.96,,,,98.1,,0.0,0.0,
0.0,,0.2086,300.85,11.54853389,,,8903.041667,53338.0,,,,0.0,
1.0,all_other,,,10.30895266,9.0,,,7130.0,55.3,1.0,,,0.0
1.0,,,,10.43998092,8.88,,,2470.0,,0.0,0.0,,
1.0,,,,,7.75,,7380.041667,17088.0,85.4,,,,
1.0,,,,10.95080655,,687.0,4740.0,23068.0,84.8,,0.0,0.0,
1.0,,0.1322,270.41,,8.58,,,,39.6,,,,0.0
1.0,,0.074,77.65,10.37349118,11.48,,2910.0,,14.9,,,0.0,0.0
,,0.1253,309.57,,,727.0,3425.958333,3498.0,,,,0.0,
,,0.0751,,11.09741002,4.33,782.0,12360.0,,,2.0,0.0,0.0,0.0
,,0.1533,,,,652.0,,,28.4,3.0,,0.0,
,,,,,,,4096.0,3327.0,10.7,,0.0,,1.0
,debt_consolidation,0.1482,,,,,4020.0,,,8.0,,0.0,1.0
1.0,major_purchase,,167.84,10.91508846,,,,,83.7,0.0,,,0.0
1.0,debt_consolidation,0.08,,,9.23,,5190.041667,,,,,0.0,
,,0.1347,,,,,,9721.0,,2.0,0.0,,0.0
1.0,all_other,0.1474,,10.62132735,16.77,,,6241.0,90.4,0.0,0.0,0.0,0.0
,debt_consolidation,,,,,,8520.041667,8825.0,,3.0,,0.0,0.0
,,0.1183,99.41,10.42228135,15.61,697.0,,1125.0,23.4,2.0,0.0,,
1.0,debt_consolidation,0.1158,330.14,11.8493977,,,,44128.0,,,,0.0,
1.0,all_other,0.092,,,,727.0,1230.041667,,,1.0,,,0.0
1.0,,,119.29,,15.14,702.0,,25998.0,74.6,,,0.0,0.0
,,,,11.03488966,,727.0,9091.0,,57.4,,0.0,0.0,0.0
,,,,,17.08,,,108397.0,,3.0,0.0,0.0,
1.0,,,333.0,10.59663473,,,2947.041667,10006.0,,0.0,,,
1.0,,0.1287,336.34,,,,3750.041667,,,0.0,1.0,0.0,0.0
,debt_consolidation,0.0859,173.86,10.3859137,17.37,,,,18.4,,0.0,0.0,
1.0,debt_consolidation,0.1385,,,16.5,,,,29.9,2.0,1.0,0.0,0.0
,,0.0938,,,,,4114.041667,13871.0,38.6,1.0,0.0,,0.0
,,,,9.952277717,19.14,,4520.041667,,,0.0,0.0,,0.0
1.0,debt_consolidation,,485.0,,,,5489.0,,,0.0,,0.0,
,debt_consolidation,0.1474,,11.20536716,,687.0,,4073.0,,,0.0,0.0,0.0
1.0,,,378.23,,4.48,682.0,,,56.8,,0.0,0.0,
,,0.1322,,,4.71,,7229.958333,,52.8,,,1.0,
1.0,,,,,19.36,,6000.0,36976.0,,2.0,,0.0,
,credit_card,,,10.95080655,,652.0,,,82.8,,0.0,0.0,
,all_other,0.1273,,11.00209984,,,,,,,,,
,,0.1039,,,3.26,,1443.0,,,,0.0,,1.0
,debt_consolidation,0.1273,839.16,11.70354582,21.63,,5580.041667,,64.9,,,0.0,0.0
,credit_card,,,,24.53,727.0,,,,0.0,0.0,0.0,
1.0,debt_consolidation,,315.49,,18.31,,,39660.0,,0.0,,0.0,0.0
1.0,credit_card,,,,,,,,,,,,
1.0,,0.1096,110.43,,13.6,,,23280.0,,3.0,0.0,0.0,
1.0,all_other,0.0768,187.15,,,,3839.958333,6694.0,,2.0,0.0,,0.0
,all_other,,,,13.6,752.0,,,,3.0,0.0,0.0,0.0
1.0,all_other,,133.87,,14.12,707.0,2497.0,1809.0,11.4,,,0.0,
1.0,,,,11.18924309,,,,4908.0,,0.0,,,
1.0,,0.0807,,11.03488966,,792.0,7867.041667,,21.7,0.0,,,
1.0,home_improvement,0.0945,,11.22524339,1.49,712.0,6220.0,8788.0,,0.0,0.0,,
1.0,,,,10.77895629,4.88,,,5565.0,43.1,0.0,0.0,0.0,0.0
,all_other,,163.74,9.798127037,,747.0,1440.0,139.0,5.0,0.0,,,
1.0,,0.0963,288.85,10.68051622,8.77,737.0,,,,1.0,0.0,0.0,0.0
,,0.1565,510.8,,18.73,,,,,,0.0,0.0,1.0
0.0,,0.2086,,12.56994115,,682.0,4589.958333,,,,,,
,,0.1025,32.39,9.259130536,,,5310.041667,5430.0,48.9,0.0,1.0,,
,,,324.31,,15.92,692.0,4319.958333,23616.0,49.4,,,,0.0
,,0.1878,,11.46163217,18.18,,,15109.0,77.9,,0.0,,0.0
,debt_consolidation,0.1379,190.83,,,687.0,,,48.1,,,0.0,1.0
1.0,debt_consolidation,,,,17.04,,,,,1.0,,0.0,
1.0,,0.1474,207.23,,15.02,,,36120.0,91.2,1.0,0.0,0.0,0.0
,all_other,,190.63,10.26813067,,,,3322.0,,0.0,0.0,,0.0
,,,,10.34817337,12.0,747.0,,,,,0.0,,
,debt_consolidation,,,10.49127422,10.73,,,8128.0,27.7,3.0,,0.0,0.0
,debt_consolidation,0.1261,603.12,,,,,10769.0,63.0,1.0,1.0,0.0,0.0
,all_other,,,,0.86,,2092.041667,5506.0,,1.0,,0.0,0.0
1.0,,0.08,313.37,,,,,0.0,0.0,0.0,0.0,,
,home_improvement,0.1531,87.04,,22.81,672.0,,5276.0,,6.0,,,
1.0,,0.1253,184.07,10.91348718,,,7590.0,19279.0,59.5,,0.0,,
,,0.1379,425.95,11.15625052,16.73,697.0,,74042.0,41.9,1.0,,,0.0
1.0,debt_consolidation,0.1357,220.8,,3.52,682.0,,,68.4,0.0,,0.0,
1.0,,0.1347,,9.798127037,21.47,707.0,,,,0.0,0.0,0.0,0.0
,credit_card,0.0894,,,18.3,,,48538.0,,,,0.0,0.0
1.0,all_other,,221.28,,3.92,,1896.0,17390.0,86.1,,,0.0,0.0
,,0.1166,247.9,11.1844214,,,,87698.0,33.6,,0.0,0.0,
,small_business,0.0976,,9.903487553,4.68,737.0,3408.041667,,,0.0,0.0,,
,debt_consolidation,0.1287,,,,677.0,4140.041667,,,,0.0,0.0,0.0
1.0,,0.1273,570.63,,,,,26146.0,,,0.0,0.0,
,,0.1311,,,,,4620.041667,,70.1,0.0,,,0.0
1.0,,0.1183,,,,717.0,3270.0,,56.5,1.0,,0.0,0.0
1.0,,0.0863,237.21,10.46321762,,747.0,5850.0,,,,,0.0,0.0
,home_improvement,0.0932,,,12.29,782.0,,,,,0.0,0.0,
,debt_consolidation,0.1722,,10.49127422,,,,,,2.0,1.0,0.0,
,,0.1114,656.07,,11.31,777.0,3000.041667,,7.9,,0.0,,
,credit_card,,114.06,11.25257927,,712.0,,,,0.0,,,
1.0,all_other,,164.02,10.08580911,,,1860.041667,1124.0,,1.0,0.0,0.0,
1.0,debt_consolidation,0.1099,695.63,,17.93,722.0,,,,1.0,0.0,0.0,
,,,169.05,,25.47,717.0,7620.041667,,,0.0,0.0,0.0,
1.0,,0.1218,,,,,7859.958333,,58.7,,,,0.0
,credit_card,,190.63,,,,,20873.0,28.4,2.0,0.0,,1.0
1.0,credit_card,0.0774,52.3,9.903487553,,732.0,3030.0,2927.0,,,,,0.0
1.0,all_other,0.1189,,11.00209984,1.62,,,3391.0,6.2,2.0,,,0.0
,debt_consolidation,0.1148,,11.51292546,,752.0,,1492.0,6.1,3.0,0.0,0.0,
1.0,,,,11.40756495,10.59,692.0,3963.0,9304.0,,,,1.0,
0.0,,0.1438,,10.71441777,15.63,,,5575.0,,,,0.0,
,,,,,,,2460.0,5275.0,,,0.0,,0.0
1.0,debt_consolidation,,,,,782.0,,1950.0,,3.0,0.0,0.0,0.0
0.0,,,331.95,,15.73,,,21712.0,73.9,12.0,0.0,,
1.0,,0.0996,,,13.07,,10529.95833,,,,,,
1.0,all_other,0.1218,333.0,11.14481394,,712.0,,17604.0,72.1,0.0,,,0.0
,all_other,0.1357,,9.998797732,,,1110.041667,1527.0,22.5,0.0,0.0,0.0,0.0
1.0,small_business,,277.53,,10.62,682.0,,6933.0,,,0.0,,0.0
0.0,debt_consolidation,0.1545,,11.06663836,21.6,,2729.041667,6324.0,,,,0.0,
0.0,,0.1474,,,18.77,687.0,,,11.8,,,,0.0
1.0,,0.1357,,,,677.0,,,,2.0,,,
0.0,credit_card,0.1418,,10.49127422,17.17,647.0,719.9583333,,,3.0,,,
0.0,debt_consolidation,,74.35,10.46310334,,642.0,,,79.4,4.0,,0.0,1.0
,major_purchase,0.0859,252.89,,,,,3258.0,5.5,,0.0,0.0,0.0
1.0,,0.1357,,11.49272276,7.8,,7746.0,,29.7,,0.0,0.0,
0.0,debt_consolidation,0.1091,,,,682.0,,3570.0,72.4,0.0,,0.0,
0.0,,0.1505,173.46,,,697.0,1057.0,,,2.0,,,
1.0,,0.0859,227.6,,,767.0,,600.0,,,0.0,,
1.0,,0.0768,110.73,,,,,,5.7,1.0,0.0,,
0.0,,0.1158,79.24,,,727.0,3210.0,,26.8,5.0,0.0,,
1.0,debt_consolidation,,,,11.93,,3240.0,64394.0,,,,0.0,
1.0,debt_consolidation,0.1166,82.64,10.41774727,23.75,,5430.0,3877.0,,,,0.0,
0.0,debt_consolidation,,,10.51867319,22.25,647.0,,,92.0,6.0,,1.0,
1.0,home_improvement,,,,1.88,,10199.0,19948.0,,,0.0,0.0,
1.0,all_other,0.1311,404.94,10.46310334,,692.0,,8896.0,,,,0.0,
,,0.1493,,10.16585182,11.77,,1170.041667,12597.0,,,0.0,,0.0
,all_other,0.1442,,9.392661929,0.0,,5193.0,,,,1.0,0.0,0.0
0.0,all_other,0.1197,116.2,9.975994243,,,12990.0,1511.0,,,0.0,,0.0
,debt_consolidation,,,10.12647109,,707.0,,,,0.0,0.0,0.0,1.0
1.0,all_other,,134.6,10.49127422,,,,,,,,,0.0
1.0,,0.1459,,,,677.0,5700.041667,4954.0,,1.0,,1.0,0.0
,debt_consolidation,,557.26,11.46163217,,672.0,2910.0,,78.9,0.0,0.0,0.0,
1.0,,,347.72,,16.46,752.0,3629.958333,,21.1,,0.0,0.0,1.0
1.0,debt_consolidation,0.1426,624.37,10.93131966,15.65,,2610.041667,17506.0,,3.0,,0.0,0.0
