age,workclass,observation-weight,education,education-num,marital-status,occupation,relationship,race,sex,capital-gain,capital-loss,hours-per-week,native-country,class
30.0,2.0,202450.0,1.0,9.0,1.0,6.0,1.0,0.0,0.0,0.0,0.0,65.0,0.0,1.0
40.0,2.0,217120.0,12.0,6.0,2.0,10.0,0.0,0.0,0.0,0.0,,50.0,0.0,0.0
,2.0,240398.0,0.0,13.0,0.0,5.0,0.0,1.0,0.0,0.0,0.0,,0.0,0.0
47.0,0.0,100818.0,,9.0,1.0,0.0,2.0,0.0,1.0,0.0,0.0,40.0,0.0,1.0
43.0,2.0,191814.0,6.0,12.0,1.0,5.0,1.0,0.0,0.0,7688.0,,50.0,0.0,1.0
58.0,2.0,34788.0,5.0,10.0,1.0,5.0,1.0,0.0,0.0,0.0,1887.0,40.0,0.0,1.0
48.0,,,8.0,,1.0,3.0,1.0,0.0,0.0,0.0,1902.0,60.0,,1.0
37.0,,167415.0,10.0,15.0,1.0,3.0,1.0,0.0,0.0,0.0,0.0,60.0,0.0,1.0
52.0,2.0,,1.0,9.0,1.0,5.0,1.0,,0.0,0.0,0.0,45.0,0.0,1.0
18.0,2.0,218889.0,4.0,5.0,0.0,4.0,3.0,1.0,0.0,0.0,0.0,35.0,0.0,0.0
24.0,2.0,,9.0,11.0,0.0,5.0,0.0,0.0,,,0.0,40.0,0.0,0.0
38.0,2.0,255941.0,3.0,14.0,0.0,1.0,0.0,0.0,1.0,10520.0,0.0,50.0,0.0,1.0
,2.0,208431.0,5.0,10.0,6.0,1.0,0.0,1.0,1.0,,0.0,32.0,0.0,
36.0,2.0,146412.0,5.0,10.0,2.0,0.0,4.0,0.0,1.0,0.0,0.0,40.0,0.0,
26.0,2.0,181920.0,0.0,13.0,1.0,3.0,2.0,0.0,1.0,0.0,0.0,45.0,0.0,1.0
59.0,2.0,100453.0,7.0,4.0,4.0,4.0,3.0,,1.0,0.0,0.0,38.0,0.0,0.0
64.0,4.0,202984.0,1.0,,1.0,10.0,1.0,0.0,0.0,3137.0,0.0,40.0,0.0,0.0
41.0,2.0,287037.0,5.0,10.0,,7.0,0.0,0.0,0.0,,0.0,40.0,0.0,0.0
26.0,1.0,117125.0,4.0,5.0,,10.0,1.0,0.0,0.0,0.0,0.0,40.0,20.0,0.0
22.0,2.0,35663.0,1.0,9.0,0.0,4.0,0.0,,,0.0,0.0,40.0,0.0,0.0
64.0,1.0,73986.0,7.0,4.0,1.0,10.0,,0.0,0.0,0.0,0.0,20.0,0.0,0.0
37.0,1.0,258037.0,1.0,9.0,1.0,6.0,1.0,0.0,0.0,0.0,,45.0,1.0,1.0
22.0,2.0,200374.0,1.0,9.0,0.0,8.0,5.0,0.0,,0.0,0.0,35.0,0.0,0.0
36.0,4.0,410034.0,0.0,13.0,,,,,0.0,0.0,1887.0,40.0,,1.0
28.0,2.0,214689.0,0.0,13.0,0.0,2.0,5.0,0.0,0.0,0.0,0.0,25.0,0.0,0.0
47.0,,125120.0,0.0,,2.0,10.0,0.0,0.0,1.0,0.0,,50.0,,0.0
,2.0,26892.0,0.0,13.0,1.0,0.0,1.0,,,0.0,0.0,40.0,,1.0
51.0,2.0,173291.0,1.0,9.0,,4.0,0.0,0.0,1.0,0.0,0.0,40.0,0.0,0.0
39.0,2.0,61178.0,0.0,13.0,2.0,0.0,4.0,,0.0,0.0,0.0,40.0,0.0,0.0
66.0,2.0,234743.0,5.0,,1.0,1.0,1.0,0.0,0.0,0.0,0.0,24.0,0.0,0.0
39.0,2.0,,,9.0,1.0,2.0,1.0,0.0,0.0,0.0,0.0,40.0,0.0,0.0
,1.0,,,9.0,1.0,,,0.0,0.0,0.0,0.0,45.0,0.0,0.0
44.0,0.0,111483.0,3.0,14.0,1.0,3.0,1.0,0.0,0.0,0.0,0.0,40.0,0.0,1.0
37.0,1.0,162834.0,1.0,9.0,1.0,5.0,1.0,0.0,0.0,0.0,1902.0,45.0,,1.0
49.0,2.0,157272.0,1.0,9.0,4.0,5.0,4.0,,0.0,0.0,0.0,50.0,0.0,0.0
42.0,4.0,147510.0,0.0,13.0,4.0,3.0,4.0,0.0,0.0,0.0,,40.0,0.0,
38.0,,280169.0,0.0,,1.0,5.0,1.0,0.0,0.0,7298.0,0.0,50.0,0.0,1.0
60.0,2.0,320376.0,7.0,4.0,1.0,8.0,2.0,0.0,,0.0,,40.0,0.0,0.0
,,185621.0,0.0,13.0,0.0,3.0,3.0,0.0,1.0,,0.0,40.0,0.0,0.0
,3.0,119199.0,5.0,10.0,2.0,0.0,4.0,0.0,1.0,0.0,0.0,40.0,0.0,0.0
42.0,2.0,376072.0,1.0,9.0,1.0,6.0,1.0,0.0,,0.0,,30.0,0.0,0.0
37.0,2.0,191754.0,0.0,13.0,,0.0,1.0,0.0,0.0,0.0,,50.0,0.0,1.0
41.0,1.0,,5.0,10.0,2.0,10.0,0.0,0.0,0.0,0.0,0.0,40.0,,0.0
42.0,4.0,137232.0,1.0,9.0,2.0,11.0,4.0,0.0,,0.0,0.0,50.0,0.0,0.0
50.0,,99392.0,5.0,10.0,2.0,10.0,0.0,1.0,1.0,0.0,0.0,45.0,0.0,0.0
36.0,2.0,35945.0,1.0,9.0,1.0,1.0,1.0,0.0,0.0,0.0,0.0,50.0,0.0,
52.0,5.0,81436.0,10.0,15.0,1.0,5.0,1.0,0.0,0.0,0.0,0.0,40.0,0.0,1.0
19.0,2.0,217039.0,5.0,,0.0,0.0,3.0,,0.0,0.0,0.0,28.0,0.0,0.0
48.0,2.0,140782.0,3.0,14.0,1.0,1.0,2.0,0.0,1.0,0.0,1902.0,38.0,0.0,1.0
,2.0,279679.0,5.0,10.0,2.0,1.0,0.0,0.0,0.0,0.0,0.0,45.0,0.0,0.0
51.0,2.0,168660.0,2.0,7.0,1.0,2.0,1.0,0.0,0.0,,0.0,40.0,0.0,0.0
31.0,2.0,101761.0,1.0,9.0,1.0,10.0,,0.0,0.0,0.0,0.0,51.0,0.0,0.0
41.0,4.0,,5.0,10.0,2.0,1.0,4.0,0.0,1.0,0.0,0.0,25.0,0.0,0.0
26.0,2.0,133766.0,1.0,9.0,1.0,7.0,1.0,0.0,0.0,0.0,0.0,,0.0,0.0
80.0,1.0,34340.0,7.0,4.0,6.0,7.0,0.0,0.0,0.0,0.0,0.0,35.0,0.0,0.0
33.0,,35378.0,0.0,13.0,1.0,5.0,2.0,0.0,1.0,0.0,,45.0,0.0,1.0
41.0,2.0,,1.0,9.0,2.0,1.0,0.0,0.0,0.0,0.0,0.0,40.0,,0.0
68.0,5.0,182131.0,5.0,10.0,1.0,,1.0,0.0,0.0,10605.0,0.0,20.0,0.0,1.0
29.0,2.0,389713.0,9.0,11.0,1.0,10.0,1.0,0.0,0.0,0.0,0.0,40.0,0.0,1.0
26.0,2.0,214413.0,2.0,7.0,0.0,8.0,4.0,0.0,,6497.0,0.0,48.0,0.0,0.0
37.0,1.0,,10.0,15.0,1.0,3.0,1.0,0.0,0.0,99999.0,,50.0,0.0,1.0
38.0,2.0,,1.0,9.0,1.0,8.0,1.0,0.0,0.0,0.0,0.0,40.0,0.0,0.0
56.0,2.0,,12.0,6.0,2.0,10.0,0.0,0.0,0.0,0.0,0.0,56.0,,
34.0,,72793.0,,13.0,0.0,4.0,0.0,0.0,1.0,0.0,0.0,,0.0,0.0
30.0,2.0,101266.0,,9.0,1.0,,1.0,0.0,0.0,0.0,0.0,40.0,0.0,0.0
55.0,2.0,199763.0,1.0,9.0,4.0,11.0,0.0,0.0,0.0,0.0,0.0,81.0,0.0,
21.0,2.0,68358.0,5.0,10.0,0.0,5.0,3.0,0.0,1.0,0.0,,20.0,0.0,0.0
31.0,2.0,178841.0,1.0,9.0,0.0,0.0,0.0,,1.0,0.0,0.0,40.0,0.0,0.0
59.0,2.0,145574.0,2.0,7.0,1.0,0.0,1.0,0.0,0.0,0.0,0.0,40.0,0.0,
,1.0,191380.0,10.0,15.0,1.0,3.0,1.0,0.0,0.0,20051.0,0.0,25.0,0.0,1.0
26.0,2.0,473625.0,,9.0,,4.0,2.0,0.0,1.0,0.0,0.0,30.0,0.0,0.0
30.0,,319280.0,5.0,10.0,0.0,10.0,0.0,0.0,0.0,0.0,0.0,,0.0,0.0
53.0,,117814.0,5.0,10.0,2.0,0.0,4.0,0.0,1.0,0.0,0.0,38.0,0.0,0.0
50.0,5.0,127315.0,,13.0,1.0,1.0,1.0,0.0,0.0,15024.0,0.0,60.0,0.0,1.0
61.0,2.0,230568.0,0.0,13.0,2.0,0.0,0.0,0.0,0.0,0.0,0.0,40.0,0.0,1.0
26.0,2.0,248990.0,1.0,9.0,,10.0,1.0,0.0,0.0,0.0,0.0,40.0,4.0,0.0
51.0,2.0,154949.0,1.0,9.0,6.0,,0.0,1.0,1.0,0.0,0.0,40.0,0.0,0.0
48.0,2.0,182313.0,5.0,10.0,1.0,,1.0,0.0,0.0,0.0,0.0,40.0,0.0,0.0
17.0,2.0,375657.0,2.0,7.0,0.0,2.0,3.0,0.0,0.0,0.0,0.0,30.0,0.0,0.0
38.0,2.0,110402.0,9.0,11.0,1.0,,1.0,0.0,0.0,,0.0,40.0,0.0,0.0
26.0,3.0,185885.0,5.0,10.0,0.0,0.0,4.0,0.0,1.0,0.0,0.0,15.0,0.0,0.0
28.0,5.0,80158.0,1.0,9.0,,1.0,,0.0,0.0,0.0,0.0,40.0,0.0,0.0
27.0,2.0,174419.0,0.0,13.0,0.0,3.0,0.0,0.0,1.0,0.0,0.0,40.0,0.0,0.0
34.0,2.0,62374.0,1.0,9.0,0.0,10.0,0.0,0.0,0.0,0.0,0.0,48.0,0.0,0.0
38.0,,81965.0,9.0,11.0,0.0,9.0,0.0,0.0,1.0,0.0,0.0,40.0,0.0,0.0
,2.0,,1.0,9.0,1.0,11.0,1.0,0.0,0.0,,0.0,40.0,0.0,0.0
24.0,2.0,210781.0,0.0,,0.0,13.0,0.0,0.0,1.0,0.0,0.0,40.0,,0.0
51.0,2.0,163948.0,9.0,11.0,1.0,9.0,1.0,0.0,0.0,0.0,0.0,40.0,0.0,
42.0,4.0,142756.0,0.0,13.0,2.0,3.0,0.0,0.0,1.0,0.0,0.0,50.0,,0.0
38.0,2.0,318610.0,5.0,10.0,2.0,0.0,,1.0,1.0,0.0,0.0,40.0,0.0,0.0
59.0,2.0,32954.0,9.0,11.0,2.0,,,0.0,,0.0,,,0.0,0.0
22.0,5.0,150683.0,1.0,9.0,0.0,8.0,3.0,0.0,0.0,0.0,0.0,,0.0,0.0
74.0,2.0,260669.0,12.0,6.0,2.0,4.0,0.0,0.0,1.0,0.0,0.0,1.0,,0.0
37.0,0.0,,9.0,,0.0,3.0,4.0,1.0,1.0,5455.0,,40.0,0.0,0.0
,2.0,100345.0,1.0,9.0,0.0,2.0,3.0,0.0,0.0,,0.0,35.0,0.0,0.0
45.0,2.0,149640.0,5.0,10.0,1.0,10.0,1.0,0.0,0.0,0.0,0.0,40.0,0.0,0.0
25.0,,176047.0,1.0,9.0,0.0,8.0,,0.0,1.0,2176.0,0.0,40.0,,0.0
40.0,1.0,277488.0,1.0,9.0,2.0,6.0,0.0,0.0,0.0,0.0,0.0,84.0,0.0,0.0
25.0,,193379.0,6.0,12.0,0.0,10.0,0.0,0.0,0.0,,0.0,45.0,0.0,
,2.0,228752.0,1.0,9.0,0.0,2.0,0.0,0.0,0.0,0.0,0.0,40.0,0.0,0.0
,0.0,52636.0,3.0,14.0,1.0,1.0,1.0,0.0,0.0,0.0,0.0,40.0,0.0,0.0
49.0,1.0,43479.0,,10.0,1.0,10.0,1.0,0.0,0.0,0.0,0.0,40.0,,0.0
37.0,0.0,239409.0,3.0,14.0,1.0,,1.0,0.0,0.0,0.0,,60.0,0.0,
30.0,1.0,176185.0,5.0,10.0,3.0,10.0,3.0,0.0,0.0,0.0,0.0,60.0,0.0,1.0
32.0,2.0,132601.0,10.0,15.0,1.0,3.0,1.0,0.0,0.0,0.0,0.0,40.0,0.0,1.0
28.0,2.0,85812.0,5.0,10.0,1.0,5.0,2.0,0.0,1.0,0.0,0.0,40.0,0.0,0.0
34.0,2.0,300681.0,5.0,10.0,1.0,3.0,1.0,1.0,0.0,,0.0,40.0,2.0,1.0
51.0,2.0,197163.0,10.0,15.0,0.0,3.0,0.0,0.0,,0.0,2559.0,,,1.0
27.0,2.0,175262.0,0.0,13.0,0.0,1.0,3.0,0.0,0.0,0.0,0.0,40.0,0.0,0.0
25.0,2.0,25249.0,5.0,10.0,0.0,0.0,0.0,0.0,1.0,,0.0,40.0,0.0,0.0
36.0,,,5.0,10.0,2.0,11.0,4.0,0.0,0.0,0.0,,55.0,0.0,0.0
43.0,2.0,105188.0,1.0,,0.0,4.0,0.0,1.0,0.0,0.0,0.0,40.0,19.0,0.0
57.0,2.0,173580.0,5.0,10.0,6.0,8.0,4.0,0.0,1.0,0.0,0.0,40.0,0.0,0.0
51.0,2.0,84399.0,1.0,9.0,1.0,8.0,1.0,1.0,,0.0,0.0,40.0,0.0,0.0
38.0,2.0,111499.0,5.0,10.0,1.0,6.0,1.0,0.0,,7298.0,0.0,50.0,,1.0
,4.0,194630.0,0.0,13.0,0.0,11.0,0.0,,1.0,4787.0,0.0,43.0,0.0,1.0
47.0,2.0,145868.0,2.0,7.0,2.0,4.0,4.0,1.0,1.0,0.0,,40.0,0.0,0.0
,4.0,259803.0,0.0,13.0,1.0,3.0,2.0,0.0,1.0,0.0,0.0,45.0,0.0,1.0
,2.0,114591.0,5.0,10.0,4.0,3.0,4.0,0.0,1.0,0.0,0.0,40.0,0.0,0.0
41.0,2.0,200652.0,4.0,5.0,2.0,4.0,5.0,0.0,,0.0,0.0,35.0,0.0,0.0
48.0,2.0,70209.0,5.0,10.0,2.0,3.0,4.0,0.0,1.0,0.0,0.0,20.0,0.0,0.0
50.0,2.0,198362.0,9.0,11.0,6.0,1.0,4.0,0.0,1.0,0.0,0.0,40.0,0.0,0.0
22.0,2.0,238917.0,15.0,2.0,0.0,8.0,0.0,0.0,0.0,0.0,0.0,24.0,4.0,0.0
43.0,,117158.0,5.0,10.0,1.0,10.0,1.0,0.0,0.0,,,45.0,0.0,1.0
17.0,,,12.0,6.0,0.0,3.0,3.0,4.0,1.0,0.0,0.0,15.0,0.0,0.0
31.0,2.0,106437.0,1.0,9.0,,0.0,0.0,0.0,1.0,0.0,0.0,40.0,0.0,0.0
58.0,,222311.0,1.0,9.0,1.0,4.0,1.0,0.0,0.0,7688.0,,55.0,,1.0
19.0,2.0,298891.0,2.0,7.0,0.0,5.0,0.0,0.0,1.0,0.0,0.0,40.0,6.0,0.0
25.0,2.0,161478.0,0.0,13.0,0.0,3.0,0.0,,1.0,,0.0,40.0,0.0,
41.0,2.0,,1.0,9.0,,0.0,4.0,0.0,1.0,0.0,0.0,40.0,0.0,0.0
38.0,4.0,,5.0,10.0,2.0,11.0,,,0.0,0.0,0.0,75.0,0.0,0.0
29.0,2.0,,0.0,,0.0,3.0,0.0,4.0,1.0,0.0,0.0,50.0,0.0,0.0
29.0,2.0,236436.0,1.0,9.0,0.0,0.0,0.0,0.0,1.0,0.0,0.0,40.0,0.0,0.0
27.0,2.0,137063.0,0.0,13.0,1.0,5.0,1.0,0.0,0.0,0.0,0.0,50.0,0.0,0.0
22.0,2.0,51362.0,0.0,13.0,,5.0,0.0,0.0,1.0,0.0,0.0,16.0,0.0,0.0
45.0,2.0,175262.0,,5.0,1.0,2.0,,2.0,,0.0,0.0,40.0,3.0,0.0
,2.0,41890.0,1.0,9.0,1.0,10.0,1.0,0.0,0.0,0.0,0.0,40.0,0.0,0.0
51.0,0.0,196504.0,1.0,9.0,2.0,10.0,4.0,0.0,0.0,0.0,0.0,38.0,0.0,0.0
33.0,2.0,272411.0,,13.0,0.0,1.0,0.0,0.0,1.0,0.0,0.0,40.0,0.0,0.0
59.0,1.0,241297.0,5.0,10.0,6.0,7.0,0.0,0.0,1.0,6849.0,0.0,40.0,0.0,0.0
48.0,2.0,246891.0,5.0,10.0,6.0,5.0,4.0,0.0,0.0,0.0,0.0,50.0,0.0,1.0
54.0,,165278.0,5.0,10.0,1.0,1.0,1.0,0.0,0.0,0.0,0.0,40.0,0.0,1.0
36.0,2.0,198841.0,3.0,14.0,1.0,1.0,1.0,0.0,0.0,0.0,0.0,40.0,0.0,
44.0,2.0,,12.0,6.0,2.0,0.0,4.0,0.0,1.0,0.0,0.0,40.0,0.0,
,4.0,121124.0,,14.0,1.0,3.0,1.0,,0.0,0.0,0.0,35.0,,1.0
23.0,2.0,117789.0,0.0,13.0,0.0,3.0,0.0,0.0,1.0,0.0,0.0,60.0,0.0,0.0
33.0,4.0,119829.0,1.0,9.0,,,2.0,0.0,1.0,0.0,,60.0,,
,2.0,,2.0,7.0,2.0,1.0,4.0,0.0,1.0,,0.0,40.0,0.0,1.0
44.0,2.0,222635.0,11.0,3.0,1.0,8.0,1.0,1.0,0.0,0.0,0.0,40.0,,0.0
34.0,2.0,128063.0,1.0,9.0,2.0,4.0,4.0,0.0,1.0,0.0,0.0,36.0,0.0,0.0
29.0,2.0,53642.0,9.0,11.0,1.0,0.0,1.0,0.0,,0.0,0.0,40.0,0.0,
,2.0,188767.0,1.0,9.0,,2.0,0.0,0.0,0.0,0.0,0.0,40.0,0.0,
27.0,2.0,200641.0,12.0,6.0,1.0,1.0,2.0,0.0,1.0,0.0,0.0,40.0,4.0,0.0
,2.0,176609.0,5.0,,2.0,,0.0,0.0,0.0,0.0,0.0,45.0,0.0,0.0
55.0,4.0,,3.0,14.0,1.0,3.0,1.0,0.0,0.0,0.0,0.0,40.0,0.0,1.0
39.0,2.0,151023.0,5.0,10.0,2.0,0.0,4.0,0.0,1.0,114.0,0.0,45.0,0.0,0.0
52.0,2.0,170562.0,1.0,9.0,1.0,,1.0,0.0,0.0,0.0,0.0,60.0,0.0,1.0
,2.0,222005.0,1.0,9.0,0.0,,5.0,0.0,0.0,0.0,0.0,30.0,0.0,0.0
31.0,1.0,,,13.0,0.0,9.0,,0.0,0.0,0.0,0.0,,0.0,0.0
57.0,1.0,,0.0,13.0,1.0,5.0,1.0,0.0,0.0,0.0,0.0,10.0,0.0,0.0
37.0,2.0,150057.0,1.0,9.0,1.0,10.0,1.0,0.0,0.0,0.0,0.0,52.0,0.0,1.0
44.0,,138845.0,5.0,10.0,1.0,6.0,1.0,,0.0,,0.0,40.0,0.0,0.0
24.0,2.0,190015.0,1.0,9.0,0.0,5.0,3.0,0.0,0.0,0.0,0.0,40.0,0.0,0.0
29.0,,389857.0,1.0,9.0,0.0,10.0,0.0,0.0,0.0,0.0,0.0,,0.0,
24.0,,86745.0,0.0,13.0,0.0,,5.0,2.0,,0.0,0.0,16.0,0.0,0.0
22.0,2.0,122272.0,1.0,9.0,0.0,,3.0,0.0,1.0,0.0,0.0,,0.0,0.0
33.0,2.0,288273.0,14.0,8.0,4.0,0.0,4.0,0.0,1.0,1471.0,,40.0,0.0,0.0
23.0,2.0,238092.0,0.0,13.0,,3.0,3.0,0.0,0.0,0.0,0.0,40.0,,
41.0,2.0,146659.0,0.0,13.0,1.0,3.0,,0.0,0.0,0.0,0.0,70.0,0.0,
30.0,2.0,162442.0,,13.0,,3.0,2.0,,1.0,7688.0,0.0,50.0,0.0,1.0
48.0,2.0,202117.0,2.0,7.0,2.0,4.0,0.0,,1.0,0.0,0.0,34.0,0.0,0.0
54.0,2.0,101017.0,7.0,4.0,1.0,10.0,1.0,0.0,0.0,0.0,0.0,40.0,0.0,0.0
,2.0,154897.0,1.0,9.0,0.0,5.0,0.0,,1.0,0.0,0.0,30.0,0.0,0.0
59.0,2.0,157305.0,13.0,1.0,0.0,,0.0,0.0,0.0,0.0,0.0,40.0,21.0,0.0
26.0,,339952.0,5.0,10.0,1.0,1.0,1.0,0.0,0.0,0.0,0.0,60.0,0.0,0.0
40.0,2.0,76625.0,1.0,9.0,2.0,10.0,4.0,,0.0,0.0,0.0,40.0,0.0,
18.0,2.0,135924.0,1.0,9.0,0.0,0.0,3.0,0.0,0.0,0.0,,20.0,0.0,0.0
25.0,2.0,104662.0,1.0,,0.0,,4.0,,1.0,0.0,,22.0,0.0,0.0
45.0,2.0,84298.0,9.0,11.0,1.0,1.0,1.0,,0.0,0.0,1977.0,,0.0,1.0
37.0,2.0,140713.0,5.0,10.0,1.0,0.0,1.0,,0.0,0.0,0.0,40.0,2.0,1.0
25.0,2.0,124590.0,1.0,9.0,0.0,1.0,5.0,0.0,0.0,0.0,0.0,40.0,0.0,
29.0,2.0,189565.0,1.0,9.0,0.0,1.0,0.0,0.0,0.0,2174.0,0.0,50.0,0.0,0.0
25.0,0.0,108542.0,5.0,10.0,1.0,11.0,1.0,,0.0,0.0,0.0,40.0,0.0,0.0
32.0,2.0,391874.0,1.0,9.0,1.0,10.0,1.0,0.0,0.0,0.0,0.0,,0.0,0.0
34.0,0.0,227931.0,5.0,10.0,2.0,0.0,0.0,0.0,1.0,0.0,0.0,38.0,0.0,
73.0,,190078.0,5.0,10.0,1.0,1.0,1.0,0.0,0.0,0.0,0.0,,0.0,0.0
21.0,2.0,190968.0,1.0,9.0,0.0,8.0,,0.0,0.0,0.0,,,0.0,0.0
,2.0,,1.0,9.0,1.0,0.0,1.0,0.0,0.0,0.0,0.0,40.0,0.0,0.0
,2.0,187563.0,1.0,9.0,1.0,8.0,1.0,0.0,0.0,0.0,0.0,40.0,0.0,
34.0,0.0,44464.0,8.0,16.0,0.0,3.0,0.0,0.0,1.0,0.0,0.0,60.0,0.0,0.0
42.0,2.0,36271.0,0.0,13.0,1.0,5.0,1.0,0.0,0.0,0.0,0.0,40.0,0.0,1.0
26.0,2.0,463194.0,,9.0,1.0,10.0,1.0,,0.0,0.0,0.0,40.0,0.0,0.0
27.0,2.0,37599.0,5.0,10.0,0.0,4.0,0.0,0.0,0.0,0.0,0.0,24.0,0.0,0.0
54.0,2.0,88019.0,5.0,10.0,2.0,6.0,,0.0,0.0,0.0,,55.0,0.0,0.0
22.0,2.0,205839.0,5.0,,0.0,4.0,0.0,0.0,0.0,0.0,0.0,,0.0,0.0
21.0,2.0,211301.0,5.0,10.0,0.0,0.0,,0.0,1.0,0.0,0.0,8.0,0.0,0.0
39.0,2.0,189623.0,0.0,13.0,2.0,5.0,4.0,0.0,0.0,0.0,0.0,60.0,0.0,0.0
46.0,2.0,130364.0,1.0,9.0,0.0,10.0,4.0,0.0,0.0,0.0,0.0,,,0.0
41.0,4.0,177599.0,0.0,,2.0,3.0,4.0,0.0,1.0,0.0,0.0,35.0,0.0,
36.0,2.0,289190.0,1.0,9.0,2.0,10.0,4.0,0.0,0.0,0.0,0.0,40.0,0.0,0.0
47.0,1.0,213668.0,10.0,15.0,1.0,3.0,,0.0,0.0,0.0,1977.0,50.0,0.0,1.0
25.0,2.0,253267.0,5.0,,1.0,0.0,1.0,1.0,0.0,0.0,1902.0,36.0,0.0,1.0
27.0,,134890.0,0.0,,0.0,9.0,3.0,0.0,0.0,0.0,0.0,50.0,0.0,0.0
46.0,2.0,353824.0,6.0,12.0,,0.0,0.0,0.0,0.0,0.0,0.0,40.0,0.0,0.0
27.0,4.0,298510.0,1.0,9.0,,11.0,3.0,0.0,0.0,0.0,0.0,40.0,0.0,
39.0,2.0,141802.0,5.0,10.0,2.0,0.0,4.0,,1.0,0.0,0.0,40.0,0.0,0.0
41.0,2.0,294270.0,4.0,5.0,1.0,,1.0,0.0,0.0,0.0,0.0,35.0,0.0,0.0
47.0,4.0,134671.0,5.0,10.0,1.0,1.0,,0.0,0.0,0.0,0.0,,0.0,0.0
27.0,0.0,23740.0,1.0,9.0,0.0,6.0,0.0,3.0,0.0,0.0,0.0,38.0,0.0,1.0
43.0,5.0,150533.0,,11.0,1.0,1.0,5.0,0.0,0.0,0.0,0.0,50.0,0.0,1.0
,2.0,238913.0,0.0,13.0,1.0,5.0,1.0,0.0,0.0,0.0,0.0,46.0,,1.0
43.0,2.0,96421.0,0.0,13.0,2.0,3.0,4.0,0.0,1.0,0.0,0.0,24.0,31.0,0.0
35.0,2.0,98986.0,7.0,4.0,0.0,,3.0,0.0,1.0,0.0,0.0,30.0,0.0,0.0
19.0,2.0,236570.0,1.0,9.0,0.0,0.0,3.0,0.0,1.0,0.0,0.0,16.0,0.0,
17.0,2.0,151141.0,2.0,7.0,0.0,2.0,3.0,,0.0,,0.0,15.0,0.0,0.0
45.0,2.0,360393.0,,14.0,1.0,1.0,1.0,0.0,0.0,0.0,1902.0,50.0,0.0,
24.0,,187115.0,0.0,13.0,,3.0,3.0,0.0,1.0,,0.0,20.0,0.0,0.0
33.0,2.0,123253.0,0.0,13.0,1.0,,1.0,,0.0,0.0,0.0,55.0,0.0,
42.0,2.0,195755.0,1.0,9.0,4.0,10.0,4.0,,0.0,0.0,0.0,40.0,0.0,0.0
18.0,2.0,94196.0,1.0,9.0,0.0,,3.0,,1.0,0.0,0.0,25.0,0.0,0.0
40.0,0.0,269733.0,9.0,11.0,0.0,10.0,0.0,0.0,0.0,0.0,0.0,,,0.0
33.0,,415706.0,11.0,3.0,4.0,4.0,4.0,0.0,,0.0,0.0,,4.0,0.0
25.0,2.0,169124.0,1.0,9.0,1.0,6.0,1.0,0.0,0.0,0.0,0.0,45.0,0.0,0.0
60.0,2.0,39352.0,7.0,4.0,0.0,6.0,,0.0,0.0,,0.0,,0.0,1.0
34.0,2.0,208785.0,6.0,12.0,2.0,5.0,0.0,0.0,0.0,0.0,0.0,50.0,0.0,1.0
37.0,2.0,,14.0,8.0,,10.0,3.0,0.0,0.0,0.0,0.0,35.0,0.0,0.0
55.0,2.0,185436.0,5.0,10.0,1.0,1.0,1.0,0.0,0.0,0.0,0.0,70.0,0.0,1.0
50.0,1.0,132716.0,10.0,15.0,1.0,1.0,1.0,,0.0,99999.0,,50.0,0.0,1.0
62.0,1.0,26857.0,7.0,4.0,6.0,7.0,5.0,0.0,1.0,0.0,0.0,35.0,0.0,0.0
28.0,2.0,411587.0,5.0,10.0,0.0,11.0,3.0,0.0,0.0,0.0,0.0,40.0,6.0,0.0
18.0,2.0,194561.0,5.0,10.0,,4.0,3.0,0.0,0.0,0.0,0.0,12.0,0.0,
,2.0,289403.0,0.0,13.0,4.0,0.0,4.0,1.0,0.0,0.0,0.0,35.0,0.0,0.0
19.0,2.0,128346.0,1.0,9.0,0.0,8.0,3.0,0.0,1.0,0.0,,40.0,0.0,
34.0,2.0,167781.0,1.0,9.0,1.0,4.0,,0.0,0.0,0.0,0.0,50.0,,0.0
33.0,2.0,154981.0,0.0,13.0,1.0,0.0,1.0,0.0,0.0,0.0,1902.0,50.0,0.0,1.0
31.0,2.0,169002.0,1.0,9.0,1.0,2.0,1.0,0.0,0.0,0.0,0.0,55.0,0.0,0.0
23.0,2.0,239375.0,,13.0,0.0,8.0,3.0,0.0,0.0,0.0,0.0,40.0,0.0,0.0
,3.0,219967.0,0.0,13.0,1.0,1.0,1.0,0.0,0.0,0.0,0.0,40.0,0.0,1.0
30.0,2.0,174201.0,5.0,,0.0,10.0,3.0,,0.0,0.0,0.0,40.0,0.0,0.0
22.0,2.0,231912.0,9.0,,0.0,0.0,3.0,0.0,1.0,0.0,0.0,37.0,0.0,0.0
23.0,2.0,217169.0,0.0,13.0,0.0,0.0,3.0,0.0,1.0,,,40.0,0.0,0.0
32.0,2.0,204742.0,0.0,13.0,1.0,3.0,1.0,0.0,,0.0,0.0,40.0,0.0,1.0
39.0,2.0,343476.0,1.0,9.0,1.0,10.0,1.0,,0.0,0.0,0.0,30.0,0.0,0.0
25.0,2.0,193820.0,3.0,14.0,0.0,,3.0,0.0,1.0,0.0,0.0,40.0,0.0,0.0
21.0,2.0,262819.0,5.0,10.0,0.0,4.0,0.0,0.0,1.0,0.0,0.0,20.0,0.0,0.0
38.0,5.0,141584.0,1.0,9.0,2.0,5.0,4.0,0.0,0.0,0.0,0.0,55.0,0.0,0.0
48.0,1.0,97883.0,1.0,9.0,4.0,4.0,5.0,0.0,1.0,0.0,0.0,25.0,0.0,0.0
37.0,2.0,,,9.0,,1.0,0.0,0.0,1.0,0.0,0.0,50.0,0.0,0.0
,2.0,115057.0,,9.0,0.0,10.0,0.0,0.0,0.0,0.0,0.0,40.0,0.0,0.0
39.0,0.0,343646.0,0.0,13.0,2.0,11.0,0.0,0.0,0.0,0.0,0.0,40.0,4.0,1.0
57.0,2.0,365683.0,1.0,9.0,2.0,8.0,0.0,0.0,,0.0,0.0,40.0,0.0,1.0
28.0,2.0,296450.0,0.0,13.0,1.0,3.0,,0.0,0.0,0.0,0.0,,0.0,
53.0,2.0,139671.0,0.0,13.0,1.0,3.0,1.0,0.0,0.0,0.0,1902.0,40.0,0.0,1.0
,1.0,277783.0,5.0,10.0,2.0,10.0,0.0,0.0,0.0,0.0,2001.0,50.0,0.0,0.0
50.0,1.0,30731.0,9.0,11.0,0.0,4.0,0.0,0.0,0.0,0.0,0.0,50.0,0.0,0.0
44.0,2.0,150533.0,5.0,10.0,4.0,10.0,,,0.0,0.0,1876.0,55.0,,0.0
24.0,2.0,237928.0,0.0,13.0,0.0,3.0,,,0.0,0.0,0.0,,0.0,0.0
43.0,2.0,74581.0,1.0,9.0,1.0,10.0,1.0,,0.0,0.0,0.0,48.0,0.0,1.0
43.0,2.0,336513.0,5.0,,1.0,1.0,1.0,0.0,0.0,0.0,1902.0,40.0,0.0,1.0
27.0,,,1.0,9.0,0.0,4.0,3.0,0.0,,0.0,0.0,40.0,4.0,0.0
55.0,,88876.0,3.0,14.0,1.0,1.0,1.0,2.0,0.0,0.0,0.0,60.0,0.0,1.0
43.0,1.0,34007.0,0.0,13.0,1.0,7.0,1.0,,0.0,0.0,0.0,70.0,0.0,1.0
18.0,2.0,353358.0,5.0,10.0,0.0,4.0,3.0,0.0,0.0,0.0,0.0,16.0,0.0,0.0
59.0,2.0,172071.0,1.0,9.0,1.0,3.0,2.0,1.0,1.0,0.0,0.0,38.0,2.0,0.0
23.0,2.0,,1.0,9.0,0.0,0.0,3.0,1.0,0.0,0.0,2001.0,40.0,0.0,0.0
28.0,2.0,22422.0,1.0,,0.0,1.0,,0.0,0.0,0.0,0.0,40.0,0.0,0.0
49.0,2.0,218357.0,9.0,11.0,2.0,3.0,,0.0,1.0,,0.0,38.0,0.0,0.0
20.0,,49179.0,5.0,10.0,0.0,3.0,,0.0,0.0,0.0,0.0,35.0,0.0,
25.0,2.0,108658.0,1.0,9.0,0.0,1.0,0.0,0.0,0.0,0.0,0.0,45.0,0.0,0.0
24.0,,200089.0,1.0,9.0,1.0,10.0,1.0,0.0,0.0,0.0,0.0,60.0,4.0,1.0
20.0,2.0,116830.0,1.0,9.0,0.0,8.0,0.0,0.0,0.0,0.0,0.0,40.0,0.0,0.0
18.0,2.0,243240.0,1.0,9.0,0.0,8.0,0.0,,0.0,0.0,0.0,37.0,0.0,0.0
40.0,2.0,337456.0,1.0,9.0,2.0,11.0,,,1.0,0.0,0.0,40.0,0.0,0.0
22.0,2.0,127768.0,5.0,10.0,0.0,4.0,3.0,0.0,0.0,0.0,0.0,32.0,,1.0
62.0,0.0,198686.0,1.0,9.0,1.0,4.0,1.0,0.0,0.0,0.0,0.0,40.0,0.0,0.0
44.0,2.0,125461.0,3.0,14.0,1.0,1.0,,0.0,0.0,0.0,0.0,35.0,0.0,1.0
39.0,2.0,174368.0,1.0,9.0,1.0,0.0,2.0,0.0,1.0,0.0,0.0,40.0,0.0,1.0
50.0,1.0,105010.0,1.0,9.0,1.0,7.0,1.0,0.0,0.0,0.0,2051.0,20.0,0.0,0.0
,2.0,280069.0,5.0,10.0,0.0,5.0,0.0,0.0,1.0,0.0,0.0,,0.0,0.0
28.0,1.0,104617.0,7.0,4.0,0.0,4.0,5.0,,1.0,0.0,0.0,99.0,4.0,0.0
37.0,2.0,173968.0,1.0,9.0,1.0,6.0,1.0,0.0,0.0,0.0,0.0,40.0,0.0,
36.0,2.0,32776.0,0.0,13.0,1.0,1.0,1.0,0.0,0.0,0.0,1977.0,40.0,0.0,1.0
54.0,2.0,174102.0,5.0,10.0,0.0,1.0,0.0,0.0,0.0,0.0,,40.0,0.0,1.0
41.0,4.0,359259.0,1.0,,1.0,4.0,1.0,0.0,0.0,0.0,,40.0,0.0,0.0
25.0,2.0,187577.0,1.0,,1.0,10.0,1.0,0.0,0.0,0.0,0.0,40.0,0.0,0.0
,2.0,108997.0,1.0,,2.0,0.0,4.0,0.0,1.0,0.0,0.0,40.0,0.0,0.0
40.0,4.0,138634.0,1.0,9.0,1.0,1.0,,,0.0,0.0,0.0,40.0,0.0,0.0
20.0,2.0,224059.0,1.0,9.0,0.0,4.0,0.0,0.0,0.0,0.0,0.0,40.0,0.0,0.0
57.0,4.0,143910.0,,13.0,,1.0,,0.0,0.0,0.0,0.0,,0.0,0.0
57.0,2.0,134195.0,1.0,9.0,1.0,5.0,1.0,0.0,0.0,0.0,0.0,40.0,,0.0
19.0,2.0,201743.0,5.0,10.0,,4.0,3.0,0.0,1.0,0.0,0.0,15.0,0.0,0.0
,2.0,318082.0,5.0,10.0,0.0,,3.0,0.0,0.0,0.0,,35.0,,0.0
35.0,2.0,,,,1.0,8.0,1.0,1.0,0.0,0.0,0.0,40.0,0.0,0.0
33.0,2.0,276221.0,8.0,16.0,1.0,3.0,1.0,0.0,,0.0,0.0,40.0,0.0,0.0
,2.0,83315.0,1.0,9.0,0.0,0.0,4.0,0.0,0.0,,0.0,40.0,0.0,0.0
,2.0,143331.0,12.0,6.0,0.0,,3.0,0.0,0.0,0.0,0.0,15.0,0.0,0.0
32.0,1.0,154950.0,5.0,10.0,1.0,10.0,1.0,0.0,0.0,0.0,0.0,,0.0,0.0
45.0,,172822.0,,7.0,2.0,6.0,0.0,,0.0,0.0,2824.0,,0.0,1.0
24.0,2.0,,5.0,10.0,1.0,9.0,1.0,0.0,0.0,,,40.0,0.0,0.0
38.0,4.0,,,9.0,0.0,6.0,0.0,,0.0,,,40.0,0.0,0.0
50.0,,173630.0,1.0,9.0,2.0,5.0,0.0,0.0,0.0,0.0,0.0,,0.0,0.0
54.0,3.0,127455.0,5.0,10.0,1.0,11.0,1.0,0.0,0.0,0.0,0.0,48.0,,1.0
,2.0,213341.0,2.0,7.0,3.0,2.0,3.0,0.0,0.0,0.0,1762.0,40.0,21.0,0.0
27.0,2.0,146719.0,1.0,9.0,2.0,5.0,3.0,0.0,1.0,0.0,0.0,35.0,0.0,0.0
21.0,2.0,32950.0,5.0,,0.0,5.0,4.0,0.0,0.0,,0.0,40.0,0.0,0.0
26.0,1.0,,0.0,13.0,2.0,5.0,0.0,0.0,0.0,0.0,0.0,40.0,0.0,0.0
44.0,5.0,120277.0,0.0,13.0,1.0,1.0,1.0,0.0,0.0,99999.0,0.0,45.0,0.0,1.0
19.0,2.0,552354.0,14.0,8.0,0.0,8.0,3.0,0.0,0.0,0.0,0.0,40.0,0.0,
35.0,2.0,,,9.0,0.0,6.0,3.0,,0.0,0.0,0.0,40.0,0.0,0.0
47.0,2.0,,12.0,6.0,1.0,8.0,1.0,0.0,0.0,0.0,0.0,46.0,0.0,
32.0,2.0,,1.0,9.0,0.0,4.0,0.0,0.0,0.0,,0.0,,0.0,
60.0,2.0,,1.0,9.0,1.0,10.0,1.0,0.0,0.0,0.0,,,0.0,1.0
21.0,2.0,56520.0,,10.0,0.0,0.0,3.0,,0.0,0.0,0.0,40.0,0.0,0.0
23.0,2.0,188950.0,9.0,11.0,0.0,5.0,3.0,0.0,,0.0,0.0,40.0,0.0,0.0
36.0,2.0,287658.0,1.0,9.0,0.0,0.0,3.0,1.0,0.0,0.0,0.0,,0.0,0.0
61.0,5.0,102191.0,3.0,14.0,6.0,1.0,4.0,0.0,1.0,0.0,0.0,99.0,,
,,191954.0,5.0,10.0,,8.0,0.0,0.0,0.0,0.0,0.0,40.0,0.0,0.0
45.0,4.0,,3.0,14.0,2.0,3.0,,,1.0,0.0,0.0,40.0,0.0,0.0
28.0,2.0,149734.0,1.0,9.0,0.0,4.0,4.0,1.0,,0.0,0.0,52.0,0.0,
24.0,2.0,192201.0,5.0,10.0,0.0,,0.0,1.0,1.0,0.0,0.0,20.0,0.0,0.0
48.0,2.0,,1.0,,2.0,2.0,4.0,2.0,1.0,,0.0,40.0,27.0,0.0
56.0,2.0,131608.0,5.0,,1.0,5.0,1.0,0.0,0.0,0.0,0.0,40.0,0.0,1.0
33.0,2.0,135312.0,0.0,13.0,0.0,3.0,0.0,0.0,0.0,0.0,0.0,40.0,0.0,1.0
22.0,2.0,184756.0,5.0,10.0,0.0,5.0,3.0,0.0,1.0,0.0,0.0,30.0,0.0,0.0
40.0,2.0,225978.0,5.0,10.0,4.0,1.0,0.0,1.0,0.0,0.0,0.0,40.0,0.0,0.0
46.0,5.0,276934.0,0.0,13.0,,5.0,1.0,0.0,0.0,0.0,0.0,70.0,0.0,1.0
42.0,2.0,182342.0,5.0,10.0,6.0,1.0,0.0,0.0,1.0,0.0,0.0,,0.0,0.0
,4.0,102359.0,0.0,13.0,1.0,3.0,1.0,0.0,0.0,0.0,,37.0,0.0,0.0
45.0,2.0,232586.0,5.0,10.0,1.0,10.0,1.0,0.0,0.0,,0.0,50.0,,1.0
44.0,,173382.0,,12.0,,9.0,4.0,0.0,1.0,,0.0,40.0,0.0,0.0
40.0,2.0,87771.0,1.0,9.0,1.0,10.0,,0.0,,0.0,1628.0,45.0,0.0,0.0
24.0,2.0,,1.0,9.0,0.0,4.0,0.0,0.0,1.0,0.0,0.0,30.0,,0.0
37.0,2.0,246677.0,1.0,9.0,4.0,3.0,4.0,0.0,1.0,0.0,0.0,38.0,0.0,0.0
31.0,2.0,363130.0,1.0,9.0,0.0,4.0,4.0,1.0,,,0.0,18.0,0.0,0.0
48.0,5.0,38240.0,1.0,,1.0,7.0,1.0,0.0,0.0,0.0,0.0,,0.0,1.0
34.0,4.0,117392.0,3.0,14.0,0.0,3.0,,0.0,,0.0,0.0,40.0,0.0,0.0
30.0,2.0,145714.0,9.0,11.0,0.0,3.0,0.0,0.0,0.0,0.0,0.0,40.0,0.0,0.0
35.0,2.0,297767.0,5.0,10.0,,0.0,0.0,1.0,0.0,0.0,0.0,40.0,0.0,0.0
51.0,2.0,182187.0,0.0,13.0,0.0,3.0,0.0,1.0,0.0,0.0,,,0.0,
22.0,2.0,203263.0,1.0,9.0,0.0,10.0,3.0,0.0,0.0,0.0,0.0,50.0,0.0,0.0
60.0,1.0,282066.0,0.0,13.0,1.0,1.0,1.0,,0.0,0.0,1977.0,45.0,0.0,1.0
42.0,2.0,254773.0,0.0,13.0,1.0,1.0,,1.0,1.0,,0.0,50.0,0.0,1.0
50.0,2.0,177487.0,1.0,9.0,1.0,10.0,1.0,0.0,,,0.0,40.0,0.0,0.0
48.0,2.0,80430.0,2.0,7.0,,4.0,0.0,0.0,1.0,0.0,0.0,30.0,0.0,0.0
36.0,2.0,,1.0,9.0,1.0,,1.0,0.0,0.0,0.0,0.0,38.0,,0.0
20.0,,84726.0,5.0,10.0,0.0,9.0,0.0,,1.0,0.0,0.0,40.0,0.0,0.0
25.0,2.0,213412.0,0.0,13.0,0.0,9.0,4.0,0.0,0.0,0.0,0.0,,,0.0
28.0,2.0,185127.0,5.0,10.0,0.0,,0.0,,0.0,0.0,0.0,40.0,,0.0
,1.0,281678.0,9.0,11.0,,7.0,1.0,0.0,0.0,0.0,0.0,55.0,0.0,0.0
51.0,,71046.0,5.0,10.0,2.0,1.0,4.0,0.0,0.0,0.0,0.0,45.0,32.0,0.0
52.0,2.0,137658.0,2.0,7.0,1.0,8.0,1.0,4.0,,0.0,0.0,40.0,21.0,0.0
50.0,,98975.0,0.0,13.0,1.0,1.0,1.0,0.0,0.0,15024.0,0.0,40.0,0.0,1.0
25.0,3.0,207342.0,5.0,10.0,0.0,1.0,0.0,1.0,0.0,0.0,0.0,40.0,0.0,0.0
36.0,2.0,104858.0,,10.0,1.0,7.0,1.0,0.0,0.0,0.0,0.0,56.0,0.0,
,2.0,137428.0,7.0,4.0,,,1.0,0.0,0.0,,0.0,60.0,0.0,1.0
25.0,,109872.0,1.0,9.0,1.0,8.0,1.0,,0.0,,0.0,45.0,0.0,0.0
76.0,,169133.0,5.0,10.0,6.0,0.0,,0.0,,0.0,0.0,30.0,0.0,0.0
28.0,2.0,113987.0,1.0,9.0,1.0,8.0,2.0,0.0,1.0,0.0,,40.0,0.0,0.0
43.0,3.0,115562.0,1.0,,1.0,8.0,1.0,0.0,0.0,0.0,0.0,,0.0,0.0
46.0,2.0,140782.0,6.0,12.0,2.0,3.0,0.0,0.0,,0.0,0.0,50.0,0.0,0.0
40.0,,123306.0,9.0,11.0,1.0,3.0,1.0,0.0,0.0,0.0,0.0,40.0,0.0,1.0
40.0,,26598.0,0.0,,2.0,3.0,0.0,0.0,0.0,0.0,0.0,40.0,0.0,0.0
22.0,,290504.0,1.0,9.0,0.0,4.0,5.0,0.0,0.0,0.0,0.0,40.0,0.0,0.0
33.0,2.0,183612.0,1.0,9.0,,6.0,,,0.0,0.0,0.0,,0.0,0.0
43.0,5.0,,5.0,10.0,1.0,5.0,1.0,0.0,0.0,0.0,,55.0,0.0,
58.0,2.0,141807.0,11.0,3.0,1.0,8.0,1.0,0.0,0.0,0.0,0.0,40.0,25.0,0.0
38.0,2.0,179262.0,5.0,10.0,2.0,0.0,4.0,0.0,1.0,0.0,0.0,30.0,0.0,0.0
20.0,0.0,178628.0,5.0,10.0,0.0,0.0,3.0,0.0,0.0,0.0,,40.0,0.0,0.0
33.0,,106976.0,1.0,9.0,,,4.0,0.0,1.0,0.0,0.0,40.0,0.0,
,1.0,35340.0,5.0,10.0,,10.0,1.0,0.0,0.0,0.0,0.0,50.0,0.0,0.0
,2.0,53373.0,1.0,9.0,1.0,10.0,,0.0,0.0,0.0,0.0,35.0,0.0,0.0
47.0,4.0,173938.0,0.0,13.0,1.0,,1.0,0.0,0.0,0.0,0.0,50.0,0.0,1.0
29.0,2.0,145011.0,5.0,10.0,0.0,,3.0,0.0,0.0,0.0,0.0,40.0,0.0,0.0
,2.0,364099.0,5.0,10.0,,0.0,0.0,0.0,1.0,0.0,0.0,20.0,0.0,0.0
23.0,2.0,117583.0,1.0,9.0,0.0,10.0,3.0,0.0,0.0,,0.0,40.0,0.0,0.0
24.0,2.0,134787.0,,10.0,0.0,5.0,3.0,0.0,,0.0,0.0,40.0,0.0,0.0
21.0,2.0,196467.0,1.0,9.0,0.0,8.0,0.0,0.0,0.0,0.0,,,0.0,0.0
56.0,2.0,,1.0,9.0,1.0,,1.0,0.0,0.0,0.0,0.0,50.0,0.0,
32.0,2.0,136204.0,3.0,14.0,4.0,1.0,0.0,0.0,0.0,0.0,,55.0,0.0,1.0
42.0,2.0,121718.0,5.0,10.0,1.0,0.0,1.0,0.0,0.0,0.0,0.0,40.0,9.0,0.0
30.0,1.0,223212.0,0.0,13.0,0.0,5.0,4.0,0.0,0.0,0.0,0.0,40.0,0.0,0.0
17.0,2.0,242718.0,,7.0,0.0,5.0,3.0,0.0,0.0,0.0,,12.0,0.0,0.0
38.0,2.0,215917.0,5.0,10.0,1.0,5.0,1.0,2.0,0.0,0.0,0.0,40.0,11.0,
,2.0,204402.0,1.0,9.0,1.0,,1.0,0.0,0.0,0.0,0.0,85.0,0.0,1.0
22.0,2.0,64520.0,14.0,8.0,0.0,6.0,4.0,0.0,0.0,0.0,0.0,30.0,0.0,0.0
36.0,2.0,,0.0,13.0,0.0,5.0,,0.0,1.0,0.0,1741.0,40.0,0.0,0.0
50.0,2.0,189107.0,1.0,9.0,1.0,8.0,1.0,0.0,,0.0,0.0,40.0,0.0,
30.0,2.0,139012.0,9.0,,0.0,0.0,5.0,2.0,,2463.0,0.0,,36.0,0.0
,2.0,241523.0,1.0,9.0,1.0,4.0,1.0,0.0,,0.0,0.0,45.0,0.0,1.0
20.0,2.0,195770.0,5.0,,0.0,0.0,3.0,,0.0,0.0,0.0,26.0,0.0,0.0
36.0,2.0,,,10.0,1.0,,1.0,0.0,0.0,0.0,0.0,20.0,0.0,1.0
32.0,2.0,,1.0,9.0,,8.0,0.0,0.0,0.0,0.0,0.0,40.0,0.0,0.0
47.0,,,5.0,10.0,2.0,1.0,0.0,0.0,1.0,0.0,0.0,65.0,0.0,0.0
36.0,2.0,203717.0,1.0,9.0,2.0,10.0,4.0,0.0,0.0,0.0,0.0,40.0,0.0,0.0
31.0,4.0,402089.0,1.0,,2.0,0.0,4.0,0.0,1.0,0.0,,40.0,0.0,0.0
63.0,,102479.0,0.0,13.0,2.0,1.0,0.0,0.0,1.0,,0.0,40.0,0.0,0.0
24.0,2.0,,0.0,13.0,0.0,5.0,3.0,2.0,,0.0,,55.0,0.0,0.0
42.0,2.0,29320.0,0.0,13.0,1.0,3.0,1.0,0.0,0.0,0.0,0.0,40.0,,0.0
42.0,1.0,89942.0,5.0,10.0,1.0,10.0,1.0,0.0,0.0,0.0,0.0,40.0,0.0,0.0
35.0,4.0,215419.0,5.0,10.0,2.0,0.0,,0.0,1.0,0.0,0.0,40.0,0.0,0.0
47.0,2.0,185254.0,11.0,3.0,0.0,13.0,3.0,0.0,1.0,0.0,0.0,40.0,,0.0
18.0,4.0,152182.0,12.0,6.0,0.0,,,0.0,1.0,0.0,0.0,6.0,0.0,0.0
39.0,,114678.0,1.0,9.0,2.0,4.0,4.0,1.0,1.0,5455.0,0.0,40.0,0.0,0.0
39.0,,167728.0,,13.0,1.0,1.0,1.0,0.0,0.0,,,40.0,0.0,
60.0,2.0,166330.0,1.0,9.0,1.0,0.0,2.0,,1.0,0.0,0.0,40.0,0.0,
71.0,2.0,182395.0,0.0,13.0,0.0,10.0,0.0,0.0,,,0.0,45.0,0.0,
51.0,4.0,26832.0,1.0,9.0,1.0,10.0,1.0,0.0,0.0,0.0,0.0,40.0,0.0,1.0
57.0,,287229.0,1.0,9.0,1.0,10.0,1.0,0.0,0.0,0.0,0.0,48.0,0.0,1.0
25.0,2.0,27411.0,0.0,13.0,,5.0,0.0,0.0,1.0,0.0,0.0,40.0,0.0,0.0
33.0,2.0,26973.0,,11.0,,9.0,2.0,0.0,1.0,0.0,0.0,40.0,,1.0
26.0,2.0,375499.0,12.0,6.0,0.0,0.0,0.0,1.0,0.0,0.0,0.0,20.0,0.0,0.0
42.0,2.0,253770.0,,10.0,2.0,0.0,4.0,0.0,1.0,0.0,0.0,40.0,0.0,0.0
27.0,,243569.0,,9.0,1.0,5.0,1.0,0.0,0.0,,0.0,,0.0,0.0
,4.0,204470.0,,14.0,0.0,3.0,0.0,0.0,,,0.0,43.0,0.0,0.0
50.0,3.0,,0.0,,2.0,3.0,0.0,0.0,,0.0,0.0,60.0,0.0,1.0
48.0,2.0,349986.0,9.0,11.0,3.0,3.0,,0.0,0.0,0.0,0.0,,0.0,0.0
34.0,2.0,172579.0,9.0,11.0,,9.0,4.0,0.0,1.0,0.0,0.0,,0.0,0.0
43.0,,346321.0,3.0,14.0,1.0,3.0,1.0,0.0,0.0,0.0,0.0,45.0,0.0,1.0
33.0,2.0,155343.0,1.0,9.0,0.0,8.0,4.0,0.0,0.0,0.0,0.0,,0.0,0.0
28.0,2.0,176683.0,0.0,13.0,1.0,1.0,1.0,0.0,,5178.0,0.0,50.0,0.0,1.0
20.0,2.0,235691.0,1.0,9.0,0.0,5.0,4.0,0.0,0.0,,0.0,40.0,0.0,0.0
43.0,2.0,235556.0,,10.0,3.0,5.0,0.0,0.0,0.0,0.0,0.0,45.0,4.0,0.0
21.0,2.0,107895.0,,10.0,0.0,,,0.0,0.0,0.0,0.0,35.0,0.0,0.0
61.0,3.0,229062.0,5.0,10.0,1.0,0.0,1.0,0.0,0.0,0.0,,,0.0,1.0
46.0,2.0,328216.0,0.0,13.0,1.0,1.0,1.0,0.0,0.0,15024.0,0.0,40.0,0.0,1.0
19.0,1.0,45546.0,5.0,10.0,0.0,5.0,3.0,0.0,1.0,0.0,,16.0,0.0,0.0
,2.0,339506.0,1.0,9.0,0.0,5.0,0.0,1.0,0.0,0.0,0.0,40.0,0.0,0.0
29.0,,256671.0,1.0,9.0,1.0,0.0,2.0,0.0,1.0,,,40.0,,0.0
27.0,2.0,23940.0,1.0,9.0,0.0,2.0,5.0,3.0,0.0,0.0,0.0,40.0,0.0,0.0
23.0,2.0,250630.0,0.0,13.0,0.0,,,0.0,1.0,0.0,0.0,40.0,0.0,0.0
61.0,5.0,61040.0,5.0,10.0,1.0,5.0,1.0,0.0,0.0,7688.0,0.0,36.0,0.0,1.0
53.0,2.0,29658.0,1.0,9.0,1.0,10.0,1.0,0.0,0.0,0.0,,40.0,0.0,1.0
33.0,2.0,,5.0,10.0,,1.0,1.0,0.0,0.0,0.0,0.0,45.0,,0.0
18.0,2.0,132652.0,2.0,7.0,0.0,4.0,3.0,0.0,0.0,0.0,0.0,20.0,,0.0
23.0,0.0,35633.0,5.0,10.0,,4.0,0.0,0.0,0.0,,0.0,50.0,0.0,0.0
33.0,2.0,117186.0,0.0,13.0,1.0,1.0,1.0,0.0,0.0,0.0,0.0,45.0,0.0,0.0
33.0,2.0,182556.0,0.0,13.0,1.0,1.0,1.0,0.0,,0.0,,40.0,0.0,1.0
49.0,,226871.0,1.0,,1.0,8.0,1.0,1.0,0.0,0.0,0.0,40.0,,1.0
38.0,,193815.0,6.0,12.0,1.0,1.0,1.0,0.0,0.0,0.0,0.0,,25.0,0.0
19.0,2.0,,5.0,10.0,0.0,0.0,3.0,0.0,1.0,0.0,0.0,15.0,0.0,0.0
20.0,2.0,333505.0,1.0,9.0,0.0,0.0,3.0,0.0,0.0,0.0,0.0,30.0,35.0,0.0
63.0,2.0,,4.0,5.0,1.0,6.0,1.0,0.0,0.0,0.0,0.0,40.0,0.0,0.0
,3.0,155238.0,1.0,9.0,1.0,0.0,1.0,,0.0,0.0,0.0,40.0,0.0,1.0
33.0,2.0,,0.0,13.0,1.0,6.0,1.0,0.0,0.0,0.0,0.0,40.0,0.0,0.0
56.0,2.0,56331.0,1.0,9.0,0.0,8.0,0.0,0.0,0.0,0.0,0.0,,0.0,0.0
32.0,2.0,239150.0,5.0,10.0,0.0,10.0,0.0,1.0,0.0,0.0,0.0,40.0,0.0,0.0
32.0,2.0,420895.0,1.0,9.0,1.0,6.0,1.0,0.0,0.0,0.0,0.0,40.0,0.0,0.0
66.0,2.0,193132.0,4.0,5.0,4.0,4.0,0.0,1.0,1.0,0.0,0.0,30.0,0.0,
40.0,3.0,56795.0,3.0,14.0,,1.0,0.0,0.0,1.0,14084.0,0.0,55.0,0.0,1.0
55.0,3.0,113398.0,5.0,10.0,0.0,,4.0,0.0,0.0,0.0,0.0,40.0,0.0,0.0
,2.0,149943.0,3.0,14.0,0.0,5.0,0.0,2.0,0.0,,0.0,40.0,26.0,0.0
,,160943.0,1.0,9.0,,6.0,1.0,1.0,0.0,0.0,0.0,40.0,0.0,0.0
42.0,2.0,143046.0,0.0,13.0,0.0,3.0,0.0,0.0,1.0,0.0,1564.0,,0.0,1.0
42.0,2.0,213464.0,5.0,10.0,1.0,10.0,1.0,0.0,0.0,0.0,0.0,40.0,0.0,
33.0,,296282.0,1.0,9.0,1.0,10.0,1.0,0.0,0.0,0.0,0.0,40.0,0.0,
35.0,2.0,301614.0,1.0,,1.0,4.0,1.0,0.0,0.0,0.0,0.0,60.0,0.0,0.0
36.0,2.0,24106.0,1.0,9.0,1.0,10.0,1.0,0.0,0.0,3103.0,0.0,40.0,0.0,1.0
40.0,2.0,,1.0,,,10.0,1.0,0.0,0.0,0.0,0.0,40.0,0.0,0.0
,,93618.0,5.0,10.0,2.0,0.0,,0.0,1.0,0.0,0.0,33.0,0.0,0.0
22.0,2.0,317528.0,5.0,,0.0,5.0,3.0,0.0,0.0,0.0,0.0,34.0,0.0,
36.0,1.0,,1.0,9.0,1.0,1.0,1.0,0.0,0.0,0.0,0.0,50.0,0.0,0.0
49.0,2.0,83622.0,6.0,12.0,4.0,0.0,0.0,0.0,1.0,2597.0,0.0,40.0,,0.0
56.0,2.0,178033.0,5.0,10.0,6.0,1.0,0.0,0.0,0.0,4416.0,0.0,,0.0,0.0
77.0,1.0,138714.0,5.0,,1.0,5.0,,,0.0,0.0,0.0,40.0,0.0,0.0
32.0,2.0,206541.0,9.0,11.0,,9.0,1.0,0.0,0.0,0.0,0.0,45.0,0.0,
49.0,2.0,188823.0,,9.0,2.0,3.0,0.0,0.0,0.0,0.0,0.0,42.0,0.0,0.0
46.0,2.0,,,9.0,2.0,8.0,0.0,0.0,1.0,0.0,0.0,38.0,0.0,0.0
39.0,5.0,180804.0,1.0,9.0,1.0,1.0,1.0,0.0,0.0,0.0,0.0,40.0,0.0,1.0
56.0,1.0,119069.0,0.0,13.0,1.0,0.0,1.0,0.0,0.0,0.0,,40.0,,1.0
27.0,2.0,39232.0,1.0,,1.0,10.0,1.0,0.0,0.0,0.0,0.0,40.0,0.0,0.0
76.0,2.0,116202.0,1.0,9.0,6.0,4.0,4.0,0.0,,0.0,,33.0,0.0,0.0
23.0,2.0,210474.0,5.0,10.0,0.0,4.0,3.0,0.0,1.0,0.0,0.0,30.0,0.0,0.0
38.0,,65324.0,10.0,15.0,1.0,3.0,,0.0,0.0,0.0,0.0,,0.0,
24.0,2.0,174461.0,0.0,,0.0,5.0,,0.0,1.0,0.0,0.0,50.0,0.0,0.0
35.0,,148581.0,1.0,9.0,1.0,10.0,1.0,0.0,0.0,0.0,1740.0,40.0,0.0,0.0
58.0,,136982.0,1.0,9.0,3.0,4.0,4.0,1.0,1.0,0.0,0.0,,6.0,0.0
61.0,4.0,176753.0,1.0,9.0,1.0,7.0,1.0,0.0,0.0,0.0,0.0,48.0,0.0,0.0
35.0,,89508.0,5.0,10.0,1.0,,1.0,0.0,0.0,3908.0,0.0,,0.0,0.0
32.0,1.0,173854.0,0.0,13.0,2.0,,5.0,0.0,,0.0,0.0,35.0,0.0,1.0
26.0,4.0,180957.0,3.0,14.0,0.0,3.0,0.0,0.0,0.0,0.0,0.0,50.0,,0.0
40.0,2.0,193144.0,1.0,9.0,2.0,4.0,4.0,0.0,1.0,0.0,0.0,36.0,0.0,0.0
56.0,2.0,170324.0,11.0,3.0,1.0,10.0,,1.0,0.0,0.0,0.0,40.0,33.0,
39.0,2.0,120074.0,,9.0,2.0,2.0,0.0,0.0,0.0,0.0,0.0,40.0,0.0,
,2.0,,1.0,9.0,0.0,10.0,4.0,0.0,1.0,0.0,0.0,40.0,5.0,0.0
53.0,3.0,199720.0,8.0,16.0,1.0,3.0,1.0,0.0,0.0,15024.0,,60.0,9.0,1.0
50.0,1.0,240922.0,6.0,12.0,0.0,5.0,0.0,0.0,1.0,0.0,1408.0,5.0,0.0,0.0
26.0,2.0,,1.0,9.0,0.0,4.0,,0.0,1.0,0.0,0.0,30.0,0.0,0.0
22.0,2.0,72310.0,2.0,7.0,0.0,,0.0,0.0,0.0,0.0,0.0,65.0,,0.0
,2.0,163578.0,5.0,,0.0,5.0,3.0,0.0,,0.0,0.0,30.0,,0.0
38.0,,205359.0,2.0,,1.0,0.0,2.0,,1.0,0.0,0.0,32.0,0.0,0.0
43.0,2.0,91209.0,0.0,13.0,1.0,1.0,1.0,0.0,0.0,0.0,0.0,40.0,0.0,1.0
68.0,4.0,233954.0,3.0,14.0,,3.0,4.0,1.0,1.0,,0.0,40.0,0.0,1.0
50.0,4.0,138358.0,5.0,10.0,,4.0,4.0,1.0,1.0,,0.0,28.0,0.0,0.0
55.0,2.0,208311.0,3.0,14.0,1.0,,1.0,,0.0,0.0,1977.0,20.0,0.0,1.0
51.0,2.0,199995.0,4.0,5.0,1.0,10.0,1.0,0.0,0.0,0.0,0.0,50.0,,1.0
66.0,5.0,112376.0,7.0,4.0,1.0,10.0,1.0,0.0,,0.0,0.0,40.0,0.0,1.0
26.0,,167761.0,0.0,,1.0,3.0,,,0.0,0.0,0.0,50.0,0.0,1.0
71.0,5.0,66624.0,0.0,13.0,1.0,1.0,1.0,0.0,0.0,0.0,2392.0,60.0,0.0,1.0
61.0,2.0,181219.0,0.0,13.0,1.0,3.0,1.0,0.0,0.0,0.0,1848.0,,0.0,1.0
50.0,2.0,268553.0,1.0,9.0,1.0,6.0,1.0,0.0,0.0,7298.0,0.0,40.0,0.0,1.0
33.0,2.0,204829.0,1.0,9.0,2.0,6.0,0.0,0.0,0.0,0.0,,45.0,0.0,0.0
21.0,,442131.0,1.0,9.0,0.0,,3.0,0.0,1.0,0.0,0.0,40.0,,0.0
50.0,2.0,128814.0,1.0,9.0,2.0,4.0,4.0,0.0,1.0,0.0,0.0,25.0,0.0,0.0
44.0,5.0,220230.0,1.0,,1.0,4.0,1.0,1.0,0.0,0.0,,48.0,0.0,0.0
,0.0,204461.0,3.0,14.0,1.0,,1.0,0.0,0.0,0.0,0.0,50.0,0.0,
57.0,4.0,323309.0,7.0,,2.0,,0.0,0.0,0.0,0.0,0.0,40.0,0.0,0.0
55.0,3.0,35723.0,3.0,14.0,1.0,1.0,1.0,0.0,0.0,0.0,0.0,60.0,0.0,
60.0,2.0,224097.0,1.0,9.0,1.0,10.0,1.0,,0.0,0.0,0.0,,0.0,0.0
35.0,2.0,207066.0,0.0,13.0,0.0,5.0,0.0,0.0,0.0,10520.0,0.0,,0.0,1.0
49.0,0.0,31650.0,0.0,13.0,1.0,3.0,5.0,,1.0,0.0,0.0,45.0,0.0,0.0
17.0,2.0,195262.0,2.0,,0.0,10.0,3.0,0.0,0.0,0.0,0.0,17.0,0.0,0.0
57.0,2.0,308861.0,5.0,10.0,4.0,5.0,0.0,0.0,1.0,,0.0,40.0,0.0,0.0
31.0,2.0,106753.0,9.0,11.0,1.0,10.0,1.0,0.0,,0.0,1740.0,40.0,0.0,0.0
18.0,2.0,154089.0,2.0,7.0,0.0,2.0,3.0,0.0,0.0,0.0,0.0,20.0,0.0,
28.0,2.0,,1.0,9.0,0.0,5.0,0.0,0.0,1.0,0.0,,45.0,0.0,0.0
,0.0,,1.0,9.0,1.0,,1.0,0.0,0.0,0.0,1651.0,40.0,0.0,0.0
33.0,2.0,184306.0,0.0,13.0,,3.0,1.0,0.0,0.0,0.0,0.0,45.0,0.0,
45.0,0.0,231013.0,0.0,13.0,2.0,11.0,,0.0,0.0,,0.0,40.0,,0.0
22.0,2.0,64292.0,1.0,9.0,0.0,9.0,,0.0,1.0,0.0,,40.0,0.0,0.0
23.0,2.0,234663.0,1.0,9.0,0.0,6.0,3.0,0.0,0.0,0.0,0.0,40.0,0.0,
43.0,4.0,118600.0,0.0,13.0,2.0,3.0,4.0,0.0,1.0,,625.0,,0.0,0.0
42.0,2.0,137907.0,1.0,9.0,2.0,0.0,4.0,0.0,1.0,0.0,0.0,35.0,0.0,0.0
37.0,2.0,82521.0,0.0,,1.0,1.0,1.0,0.0,,15024.0,0.0,40.0,0.0,1.0
19.0,,187161.0,,10.0,,4.0,3.0,0.0,1.0,0.0,,25.0,0.0,0.0
30.0,2.0,236770.0,1.0,9.0,1.0,,1.0,0.0,0.0,0.0,0.0,,0.0,0.0
23.0,4.0,287988.0,0.0,13.0,0.0,3.0,0.0,0.0,0.0,0.0,0.0,40.0,0.0,0.0
35.0,,273612.0,0.0,13.0,,1.0,0.0,,0.0,0.0,0.0,45.0,0.0,0.0
42.0,2.0,,5.0,10.0,1.0,5.0,1.0,0.0,,0.0,0.0,40.0,0.0,0.0
19.0,0.0,,5.0,10.0,,0.0,,0.0,1.0,0.0,0.0,15.0,28.0,0.0
58.0,2.0,212534.0,1.0,9.0,1.0,10.0,1.0,0.0,0.0,,0.0,40.0,0.0,0.0
46.0,2.0,,1.0,9.0,1.0,,1.0,0.0,0.0,0.0,,40.0,0.0,
39.0,2.0,160916.0,6.0,12.0,1.0,9.0,2.0,0.0,1.0,0.0,0.0,45.0,,0.0
25.0,2.0,298225.0,5.0,10.0,1.0,6.0,1.0,0.0,0.0,0.0,0.0,35.0,0.0,0.0
43.0,2.0,186188.0,5.0,10.0,2.0,1.0,4.0,0.0,1.0,0.0,0.0,45.0,,0.0
26.0,2.0,192022.0,0.0,13.0,,3.0,,0.0,1.0,0.0,,,0.0,0.0
44.0,0.0,296326.0,0.0,13.0,0.0,0.0,0.0,0.0,0.0,0.0,0.0,40.0,,0.0
31.0,4.0,33124.0,0.0,13.0,0.0,3.0,0.0,0.0,,0.0,0.0,50.0,0.0,0.0
51.0,,94432.0,1.0,9.0,1.0,7.0,1.0,0.0,0.0,0.0,0.0,55.0,0.0,1.0
,2.0,200734.0,0.0,13.0,0.0,1.0,4.0,1.0,,0.0,0.0,45.0,0.0,0.0
43.0,2.0,475322.0,5.0,,1.0,6.0,1.0,0.0,0.0,,,50.0,0.0,1.0
,,95985.0,11.0,3.0,6.0,4.0,4.0,1.0,0.0,0.0,0.0,10.0,0.0,0.0
43.0,1.0,160369.0,12.0,6.0,,7.0,4.0,0.0,0.0,0.0,,25.0,0.0,0.0
57.0,2.0,,1.0,9.0,1.0,6.0,1.0,0.0,0.0,0.0,0.0,40.0,0.0,1.0
36.0,1.0,48093.0,5.0,10.0,1.0,5.0,1.0,0.0,0.0,,0.0,,0.0,0.0
,2.0,202373.0,5.0,10.0,1.0,,1.0,1.0,0.0,,0.0,40.0,0.0,0.0
23.0,2.0,193586.0,5.0,10.0,0.0,0.0,3.0,0.0,1.0,0.0,0.0,25.0,0.0,0.0
,2.0,208881.0,0.0,13.0,1.0,3.0,1.0,0.0,0.0,0.0,0.0,60.0,0.0,
,2.0,191129.0,5.0,10.0,1.0,,1.0,0.0,0.0,0.0,0.0,40.0,0.0,0.0
45.0,4.0,236586.0,3.0,14.0,1.0,,,0.0,0.0,7688.0,0.0,55.0,0.0,1.0
20.0,2.0,173851.0,5.0,10.0,,7.0,3.0,,0.0,,0.0,40.0,0.0,0.0
33.0,2.0,178107.0,0.0,13.0,0.0,10.0,3.0,0.0,0.0,0.0,0.0,20.0,,
42.0,,155469.0,6.0,12.0,6.0,9.0,4.0,0.0,1.0,0.0,0.0,24.0,0.0,0.0
28.0,2.0,198197.0,0.0,13.0,0.0,3.0,0.0,0.0,0.0,0.0,0.0,55.0,0.0,1.0
63.0,2.0,64544.0,0.0,13.0,0.0,9.0,0.0,0.0,0.0,0.0,0.0,40.0,0.0,1.0
,2.0,117881.0,2.0,7.0,2.0,8.0,0.0,0.0,1.0,,0.0,40.0,0.0,0.0
63.0,3.0,101996.0,3.0,14.0,2.0,,0.0,0.0,0.0,0.0,0.0,40.0,0.0,1.0
27.0,2.0,328981.0,1.0,9.0,0.0,8.0,,1.0,0.0,0.0,0.0,40.0,,0.0
34.0,2.0,125279.0,1.0,9.0,1.0,6.0,1.0,0.0,0.0,0.0,0.0,40.0,0.0,0.0
46.0,2.0,318259.0,,11.0,2.0,,5.0,0.0,1.0,0.0,0.0,36.0,,0.0
33.0,1.0,131568.0,1.0,9.0,1.0,5.0,1.0,0.0,0.0,0.0,0.0,66.0,0.0,0.0
59.0,2.0,95283.0,,2.0,1.0,8.0,1.0,0.0,0.0,0.0,0.0,40.0,0.0,0.0
48.0,2.0,,,7.0,0.0,8.0,4.0,0.0,0.0,0.0,0.0,40.0,5.0,0.0
28.0,2.0,288598.0,1.0,9.0,1.0,10.0,1.0,0.0,0.0,0.0,0.0,35.0,0.0,0.0
,4.0,,6.0,12.0,2.0,3.0,0.0,0.0,,0.0,0.0,40.0,0.0,0.0
45.0,5.0,191776.0,3.0,14.0,2.0,5.0,4.0,0.0,1.0,25236.0,0.0,42.0,0.0,1.0
21.0,2.0,451996.0,1.0,9.0,0.0,5.0,3.0,0.0,0.0,0.0,0.0,40.0,0.0,0.0
23.0,2.0,102729.0,5.0,10.0,0.0,5.0,3.0,0.0,1.0,0.0,0.0,15.0,,0.0
32.0,2.0,133861.0,0.0,13.0,0.0,1.0,0.0,0.0,,13550.0,,48.0,0.0,1.0
52.0,2.0,141301.0,1.0,9.0,2.0,8.0,0.0,,1.0,0.0,0.0,40.0,0.0,0.0
,2.0,202878.0,1.0,,0.0,10.0,0.0,0.0,0.0,0.0,,50.0,0.0,0.0
35.0,2.0,49020.0,3.0,14.0,1.0,1.0,1.0,0.0,0.0,0.0,0.0,60.0,0.0,1.0
33.0,2.0,232475.0,1.0,9.0,1.0,10.0,1.0,0.0,0.0,0.0,0.0,,0.0,1.0
46.0,2.0,65353.0,5.0,10.0,2.0,6.0,3.0,0.0,0.0,3325.0,0.0,55.0,0.0,0.0
33.0,2.0,75167.0,1.0,9.0,1.0,6.0,1.0,0.0,0.0,0.0,0.0,55.0,0.0,0.0
46.0,2.0,42251.0,5.0,10.0,1.0,5.0,1.0,0.0,0.0,0.0,0.0,,0.0,1.0
,2.0,33610.0,1.0,9.0,0.0,10.0,5.0,0.0,,0.0,,60.0,0.0,0.0
39.0,3.0,206190.0,1.0,9.0,0.0,1.0,4.0,0.0,1.0,0.0,0.0,45.0,0.0,0.0
33.0,2.0,123920.0,5.0,10.0,,,0.0,1.0,1.0,0.0,0.0,40.0,0.0,0.0
43.0,2.0,160815.0,9.0,11.0,2.0,3.0,4.0,0.0,,0.0,0.0,40.0,0.0,0.0
42.0,2.0,44402.0,0.0,,1.0,5.0,1.0,0.0,0.0,0.0,0.0,60.0,0.0,0.0
43.0,2.0,33331.0,,13.0,1.0,5.0,1.0,,,0.0,0.0,,0.0,0.0
60.0,2.0,109511.0,7.0,4.0,1.0,2.0,1.0,0.0,0.0,,,40.0,0.0,0.0
46.0,2.0,353219.0,4.0,5.0,2.0,4.0,4.0,0.0,1.0,0.0,0.0,40.0,0.0,0.0
43.0,,193459.0,5.0,10.0,1.0,10.0,1.0,0.0,0.0,0.0,0.0,60.0,0.0,0.0
27.0,2.0,189589.0,5.0,10.0,2.0,9.0,0.0,0.0,1.0,,0.0,40.0,0.0,0.0
41.0,2.0,175674.0,0.0,13.0,1.0,9.0,1.0,0.0,0.0,0.0,0.0,40.0,0.0,1.0
31.0,2.0,272069.0,9.0,11.0,2.0,6.0,0.0,0.0,0.0,0.0,0.0,40.0,0.0,0.0
24.0,2.0,388885.0,1.0,9.0,0.0,8.0,,0.0,0.0,0.0,0.0,48.0,0.0,0.0
45.0,2.0,330535.0,1.0,9.0,0.0,0.0,0.0,0.0,0.0,3325.0,0.0,40.0,0.0,0.0
56.0,2.0,175127.0,1.0,9.0,2.0,10.0,4.0,0.0,0.0,0.0,0.0,35.0,0.0,0.0
36.0,0.0,194630.0,1.0,9.0,6.0,1.0,0.0,,1.0,0.0,0.0,40.0,,0.0
41.0,2.0,171550.0,1.0,9.0,1.0,1.0,1.0,0.0,0.0,0.0,0.0,40.0,0.0,1.0
61.0,2.0,716416.0,5.0,10.0,1.0,5.0,,0.0,0.0,0.0,0.0,44.0,0.0,1.0
34.0,,70466.0,9.0,11.0,2.0,10.0,0.0,0.0,0.0,0.0,0.0,40.0,0.0,
56.0,2.0,134195.0,3.0,14.0,0.0,5.0,0.0,0.0,0.0,0.0,,50.0,0.0,0.0
33.0,2.0,118941.0,0.0,13.0,1.0,1.0,2.0,0.0,1.0,0.0,0.0,,0.0,1.0
37.0,1.0,241306.0,1.0,9.0,,10.0,0.0,0.0,0.0,0.0,0.0,40.0,0.0,0.0
42.0,2.0,390781.0,0.0,13.0,1.0,0.0,2.0,,1.0,0.0,0.0,40.0,0.0,0.0
70.0,2.0,642830.0,1.0,9.0,2.0,,0.0,0.0,1.0,0.0,0.0,32.0,0.0,
22.0,,288132.0,5.0,10.0,0.0,5.0,3.0,0.0,1.0,0.0,0.0,35.0,0.0,0.0
,2.0,177633.0,1.0,9.0,1.0,8.0,1.0,0.0,0.0,0.0,0.0,50.0,0.0,1.0
33.0,2.0,156192.0,3.0,14.0,1.0,3.0,1.0,0.0,0.0,0.0,0.0,,0.0,1.0
23.0,2.0,65038.0,,9.0,0.0,5.0,3.0,0.0,0.0,0.0,,40.0,0.0,0.0
40.0,4.0,233891.0,,,0.0,0.0,4.0,1.0,1.0,0.0,0.0,,0.0,0.0
35.0,2.0,190728.0,1.0,9.0,2.0,3.0,4.0,0.0,1.0,0.0,0.0,40.0,0.0,0.0
78.0,4.0,136198.0,0.0,13.0,1.0,1.0,1.0,0.0,0.0,0.0,0.0,15.0,0.0,0.0
51.0,2.0,673764.0,3.0,14.0,0.0,3.0,0.0,0.0,0.0,27828.0,,40.0,0.0,1.0
,2.0,43910.0,1.0,9.0,1.0,0.0,2.0,0.0,1.0,0.0,0.0,30.0,0.0,0.0
,2.0,,,10.0,1.0,2.0,1.0,0.0,0.0,0.0,0.0,40.0,0.0,
,2.0,170720.0,14.0,8.0,0.0,,,0.0,0.0,0.0,0.0,,,0.0
,2.0,100345.0,0.0,,0.0,5.0,3.0,0.0,0.0,0.0,,20.0,0.0,0.0
38.0,2.0,121602.0,,,1.0,8.0,1.0,0.0,0.0,0.0,0.0,40.0,0.0,0.0
57.0,2.0,191983.0,5.0,10.0,1.0,11.0,1.0,,0.0,0.0,0.0,50.0,0.0,0.0
40.0,2.0,175935.0,0.0,13.0,2.0,5.0,0.0,0.0,0.0,14084.0,0.0,40.0,0.0,1.0
58.0,1.0,203039.0,4.0,5.0,4.0,10.0,,0.0,0.0,,0.0,40.0,0.0,0.0
32.0,2.0,,0.0,13.0,1.0,,1.0,,0.0,0.0,0.0,50.0,0.0,0.0
20.0,2.0,59948.0,4.0,5.0,0.0,0.0,4.0,1.0,1.0,114.0,0.0,20.0,0.0,
40.0,1.0,280433.0,0.0,,1.0,10.0,1.0,0.0,,0.0,0.0,50.0,0.0,0.0
18.0,3.0,280728.0,5.0,10.0,0.0,5.0,3.0,0.0,1.0,0.0,0.0,32.0,0.0,0.0
38.0,4.0,40955.0,3.0,14.0,0.0,3.0,0.0,0.0,0.0,0.0,0.0,43.0,0.0,0.0
37.0,2.0,200153.0,1.0,9.0,,10.0,1.0,,0.0,0.0,0.0,40.0,0.0,0.0
71.0,2.0,157909.0,5.0,10.0,0.0,4.0,0.0,0.0,,2964.0,0.0,60.0,0.0,0.0
50.0,2.0,222020.0,,9.0,1.0,10.0,1.0,0.0,,0.0,0.0,40.0,0.0,0.0
23.0,2.0,178207.0,5.0,,,2.0,4.0,3.0,1.0,0.0,0.0,35.0,0.0,0.0
38.0,2.0,,1.0,9.0,4.0,5.0,0.0,0.0,,,0.0,60.0,,
46.0,2.0,125492.0,0.0,13.0,2.0,3.0,0.0,1.0,1.0,0.0,0.0,40.0,0.0,0.0
32.0,2.0,330715.0,5.0,10.0,1.0,10.0,1.0,0.0,0.0,0.0,,40.0,,0.0
51.0,2.0,154342.0,3.0,14.0,1.0,3.0,,0.0,0.0,7688.0,0.0,45.0,0.0,1.0
34.0,2.0,152453.0,,8.0,1.0,10.0,1.0,,0.0,0.0,0.0,40.0,24.0,0.0
40.0,2.0,297396.0,5.0,10.0,4.0,1.0,4.0,0.0,1.0,0.0,0.0,60.0,0.0,0.0
42.0,2.0,227466.0,1.0,9.0,0.0,4.0,5.0,1.0,0.0,,0.0,40.0,0.0,0.0
19.0,0.0,67217.0,5.0,10.0,0.0,4.0,0.0,0.0,0.0,594.0,0.0,24.0,0.0,0.0
54.0,2.0,104501.0,5.0,10.0,1.0,5.0,1.0,0.0,0.0,15024.0,0.0,40.0,0.0,
,4.0,219760.0,1.0,9.0,,4.0,5.0,0.0,0.0,0.0,0.0,16.0,0.0,
34.0,4.0,143699.0,5.0,,1.0,4.0,2.0,0.0,1.0,0.0,0.0,40.0,0.0,
29.0,2.0,82910.0,5.0,10.0,1.0,6.0,1.0,0.0,0.0,0.0,0.0,40.0,0.0,
37.0,2.0,60722.0,5.0,10.0,2.0,1.0,0.0,2.0,1.0,0.0,0.0,40.0,28.0,1.0
30.0,2.0,118861.0,5.0,10.0,1.0,0.0,1.0,2.0,0.0,0.0,0.0,50.0,0.0,1.0
21.0,2.0,189749.0,,10.0,0.0,5.0,3.0,0.0,0.0,,0.0,40.0,0.0,0.0
,2.0,173832.0,0.0,,1.0,5.0,1.0,0.0,0.0,0.0,1902.0,40.0,0.0,1.0
37.0,0.0,482927.0,5.0,,2.0,4.0,0.0,0.0,0.0,0.0,0.0,65.0,0.0,0.0
,2.0,276218.0,1.0,9.0,1.0,5.0,2.0,0.0,1.0,0.0,0.0,40.0,0.0,1.0
19.0,,36012.0,1.0,9.0,0.0,10.0,3.0,0.0,0.0,0.0,0.0,40.0,0.0,
19.0,4.0,210308.0,5.0,10.0,0.0,0.0,3.0,,1.0,0.0,1721.0,30.0,0.0,0.0
41.0,2.0,82049.0,1.0,9.0,1.0,10.0,1.0,0.0,0.0,0.0,0.0,,0.0,1.0
,2.0,337039.0,6.0,12.0,0.0,,0.0,1.0,0.0,14344.0,0.0,40.0,7.0,1.0
32.0,1.0,48014.0,,10.0,2.0,4.0,0.0,0.0,1.0,,0.0,35.0,0.0,0.0
30.0,0.0,112139.0,1.0,,1.0,11.0,1.0,,0.0,0.0,0.0,40.0,0.0,0.0
51.0,2.0,203435.0,5.0,10.0,2.0,5.0,,0.0,1.0,0.0,0.0,40.0,25.0,0.0
43.0,2.0,,,13.0,1.0,1.0,1.0,1.0,0.0,7688.0,0.0,40.0,,1.0
,0.0,292933.0,0.0,13.0,0.0,0.0,3.0,0.0,,0.0,0.0,10.0,0.0,0.0
,2.0,99355.0,1.0,9.0,1.0,11.0,1.0,1.0,,0.0,0.0,40.0,0.0,1.0
42.0,2.0,196029.0,0.0,13.0,1.0,6.0,1.0,0.0,0.0,0.0,0.0,48.0,0.0,1.0
30.0,2.0,378009.0,3.0,14.0,1.0,1.0,1.0,0.0,0.0,0.0,0.0,,0.0,1.0
23.0,,87528.0,0.0,13.0,0.0,5.0,0.0,0.0,1.0,0.0,0.0,45.0,0.0,0.0
17.0,2.0,159849.0,2.0,7.0,,11.0,,,,0.0,0.0,30.0,0.0,0.0
39.0,1.0,274683.0,5.0,10.0,1.0,5.0,1.0,0.0,0.0,7688.0,0.0,50.0,0.0,1.0
30.0,2.0,347132.0,5.0,10.0,0.0,8.0,0.0,1.0,1.0,,0.0,40.0,,0.0
18.0,2.0,123343.0,2.0,,0.0,5.0,0.0,0.0,,0.0,0.0,30.0,0.0,0.0
48.0,1.0,191389.0,5.0,10.0,4.0,5.0,4.0,0.0,1.0,0.0,,50.0,0.0,0.0
36.0,2.0,173804.0,2.0,7.0,2.0,4.0,0.0,0.0,1.0,0.0,0.0,40.0,0.0,0.0
51.0,2.0,145166.0,1.0,9.0,1.0,0.0,1.0,0.0,0.0,0.0,0.0,50.0,0.0,0.0
40.0,,96129.0,9.0,11.0,1.0,9.0,1.0,0.0,0.0,0.0,0.0,,0.0,1.0
49.0,3.0,168232.0,1.0,9.0,1.0,,,0.0,0.0,0.0,0.0,40.0,0.0,1.0
,2.0,111275.0,1.0,9.0,0.0,4.0,4.0,,1.0,0.0,0.0,38.0,,
25.0,2.0,99126.0,9.0,11.0,1.0,3.0,2.0,0.0,1.0,7688.0,0.0,40.0,0.0,
37.0,,201141.0,1.0,9.0,0.0,0.0,3.0,,1.0,0.0,0.0,37.0,0.0,
38.0,2.0,376025.0,7.0,4.0,1.0,7.0,1.0,0.0,0.0,0.0,0.0,40.0,,0.0
18.0,2.0,,5.0,10.0,0.0,,0.0,0.0,,0.0,0.0,20.0,0.0,0.0
39.0,2.0,103260.0,0.0,13.0,1.0,10.0,2.0,0.0,1.0,0.0,0.0,30.0,0.0,1.0
,2.0,278151.0,1.0,9.0,1.0,11.0,1.0,0.0,0.0,0.0,0.0,40.0,0.0,0.0
,2.0,121602.0,0.0,13.0,1.0,1.0,,0.0,0.0,0.0,0.0,40.0,0.0,0.0
21.0,,283969.0,1.0,,0.0,10.0,3.0,,0.0,0.0,0.0,40.0,4.0,0.0
40.0,2.0,436493.0,1.0,,,4.0,3.0,0.0,,0.0,0.0,25.0,,0.0
40.0,1.0,242082.0,0.0,13.0,1.0,3.0,1.0,0.0,0.0,0.0,0.0,45.0,0.0,1.0
37.0,2.0,175232.0,3.0,14.0,2.0,1.0,4.0,0.0,,0.0,0.0,60.0,0.0,1.0
46.0,2.0,268358.0,2.0,7.0,4.0,8.0,0.0,0.0,1.0,0.0,0.0,40.0,,
24.0,,190457.0,5.0,10.0,0.0,0.0,3.0,,1.0,0.0,0.0,40.0,0.0,0.0
50.0,2.0,,1.0,9.0,1.0,5.0,1.0,,0.0,0.0,0.0,48.0,0.0,0.0
46.0,2.0,27802.0,9.0,11.0,1.0,8.0,1.0,0.0,0.0,0.0,0.0,40.0,0.0,0.0
35.0,2.0,,14.0,8.0,0.0,7.0,0.0,0.0,0.0,0.0,0.0,20.0,0.0,0.0
45.0,2.0,125489.0,3.0,14.0,2.0,3.0,4.0,0.0,1.0,0.0,0.0,,,0.0
21.0,2.0,241951.0,1.0,9.0,0.0,8.0,0.0,0.0,0.0,0.0,0.0,45.0,0.0,0.0
17.0,,41979.0,12.0,,0.0,7.0,3.0,0.0,0.0,0.0,0.0,,0.0,0.0
43.0,1.0,241895.0,0.0,,0.0,5.0,0.0,0.0,0.0,0.0,0.0,42.0,,0.0
32.0,2.0,53373.0,5.0,10.0,1.0,10.0,1.0,0.0,0.0,0.0,0.0,36.0,0.0,0.0
52.0,5.0,179951.0,10.0,15.0,1.0,1.0,1.0,0.0,0.0,0.0,0.0,40.0,0.0,0.0
31.0,2.0,,1.0,9.0,1.0,8.0,1.0,0.0,0.0,0.0,0.0,55.0,,0.0
53.0,3.0,276868.0,3.0,14.0,1.0,0.0,1.0,0.0,0.0,0.0,0.0,40.0,0.0,1.0
34.0,2.0,176185.0,0.0,13.0,0.0,1.0,0.0,0.0,0.0,0.0,1741.0,40.0,0.0,0.0
55.0,2.0,92215.0,1.0,9.0,2.0,0.0,0.0,0.0,1.0,0.0,0.0,40.0,0.0,0.0
39.0,2.0,22494.0,0.0,13.0,0.0,,0.0,0.0,1.0,,0.0,,0.0,
44.0,1.0,,0.0,13.0,2.0,1.0,,0.0,1.0,3325.0,0.0,40.0,0.0,0.0
26.0,2.0,159759.0,0.0,13.0,0.0,4.0,3.0,0.0,0.0,0.0,0.0,40.0,0.0,0.0
25.0,2.0,346159.0,1.0,9.0,0.0,10.0,0.0,0.0,,,0.0,40.0,0.0,0.0
62.0,2.0,,0.0,13.0,6.0,9.0,4.0,0.0,1.0,0.0,0.0,7.0,0.0,0.0
38.0,2.0,248919.0,2.0,7.0,1.0,10.0,,0.0,0.0,0.0,0.0,40.0,,0.0
43.0,2.0,99212.0,9.0,11.0,,1.0,1.0,0.0,0.0,3103.0,0.0,48.0,,1.0
64.0,3.0,86837.0,6.0,12.0,1.0,,1.0,,0.0,0.0,0.0,40.0,0.0,1.0
47.0,2.0,148995.0,3.0,14.0,1.0,1.0,1.0,0.0,0.0,0.0,0.0,65.0,0.0,1.0
37.0,2.0,,,9.0,2.0,8.0,4.0,1.0,1.0,0.0,0.0,40.0,0.0,0.0
32.0,2.0,206365.0,1.0,9.0,0.0,4.0,0.0,,1.0,,0.0,40.0,0.0,0.0
40.0,2.0,130760.0,8.0,16.0,1.0,3.0,1.0,0.0,0.0,0.0,0.0,45.0,,0.0
26.0,2.0,240842.0,,9.0,0.0,8.0,4.0,1.0,1.0,0.0,,40.0,0.0,0.0
28.0,2.0,160981.0,,10.0,0.0,0.0,0.0,0.0,1.0,0.0,0.0,52.0,0.0,0.0
48.0,5.0,125892.0,5.0,10.0,1.0,5.0,1.0,0.0,0.0,0.0,0.0,38.0,0.0,1.0
17.0,2.0,195505.0,12.0,6.0,,5.0,3.0,0.0,0.0,0.0,0.0,5.0,0.0,0.0
,,,3.0,,1.0,1.0,1.0,0.0,0.0,0.0,0.0,60.0,0.0,1.0
28.0,4.0,50512.0,0.0,13.0,0.0,3.0,0.0,0.0,1.0,2202.0,,50.0,0.0,0.0
26.0,2.0,192652.0,0.0,13.0,0.0,4.0,3.0,0.0,0.0,0.0,0.0,40.0,0.0,0.0
24.0,2.0,169532.0,6.0,12.0,0.0,0.0,3.0,0.0,1.0,0.0,0.0,15.0,0.0,0.0
24.0,2.0,143766.0,5.0,10.0,0.0,8.0,3.0,0.0,0.0,0.0,0.0,55.0,0.0,0.0
56.0,2.0,121362.0,0.0,13.0,2.0,4.0,0.0,0.0,1.0,0.0,0.0,32.0,0.0,0.0
52.0,1.0,185407.0,0.0,13.0,1.0,1.0,1.0,0.0,0.0,0.0,0.0,50.0,0.0,1.0
71.0,2.0,137499.0,1.0,9.0,6.0,5.0,5.0,,1.0,0.0,0.0,16.0,0.0,0.0
51.0,2.0,99185.0,0.0,13.0,1.0,1.0,1.0,0.0,0.0,0.0,0.0,60.0,0.0,1.0
63.0,2.0,106023.0,1.0,9.0,1.0,10.0,1.0,0.0,0.0,0.0,0.0,40.0,0.0,1.0
46.0,1.0,353012.0,8.0,16.0,1.0,3.0,1.0,0.0,0.0,0.0,1902.0,50.0,0.0,1.0
56.0,2.0,,7.0,4.0,1.0,10.0,1.0,0.0,0.0,0.0,,40.0,0.0,
22.0,1.0,210165.0,5.0,,,10.0,,0.0,0.0,0.0,0.0,40.0,0.0,0.0
27.0,,118230.0,0.0,13.0,0.0,1.0,3.0,0.0,1.0,,,40.0,0.0,0.0
33.0,2.0,162930.0,0.0,13.0,1.0,3.0,1.0,0.0,0.0,0.0,0.0,50.0,25.0,
28.0,1.0,254989.0,,7.0,0.0,5.0,3.0,0.0,0.0,0.0,0.0,40.0,,
39.0,2.0,117381.0,,10.0,2.0,6.0,0.0,0.0,,0.0,0.0,65.0,0.0,0.0
33.0,2.0,452924.0,1.0,9.0,1.0,8.0,1.0,4.0,0.0,0.0,,40.0,4.0,0.0
42.0,5.0,23510.0,3.0,14.0,2.0,1.0,4.0,2.0,,,2201.0,60.0,3.0,1.0
22.0,2.0,202416.0,0.0,13.0,0.0,0.0,3.0,0.0,1.0,0.0,0.0,40.0,,0.0
71.0,4.0,365996.0,0.0,13.0,,3.0,4.0,0.0,1.0,0.0,0.0,6.0,0.0,0.0
45.0,3.0,76008.0,,13.0,1.0,1.0,1.0,0.0,0.0,0.0,0.0,50.0,0.0,1.0
30.0,1.0,281030.0,1.0,9.0,0.0,5.0,4.0,0.0,0.0,0.0,0.0,66.0,0.0,0.0
40.0,2.0,224232.0,0.0,13.0,1.0,5.0,1.0,0.0,0.0,0.0,0.0,,0.0,1.0
,0.0,191355.0,3.0,14.0,0.0,,0.0,,0.0,0.0,0.0,40.0,0.0,0.0
23.0,2.0,195767.0,1.0,9.0,0.0,10.0,0.0,0.0,0.0,0.0,0.0,40.0,0.0,0.0
54.0,2.0,162238.0,3.0,14.0,2.0,1.0,0.0,0.0,0.0,0.0,0.0,50.0,0.0,1.0
19.0,2.0,47577.0,5.0,10.0,0.0,6.0,0.0,0.0,0.0,,0.0,,0.0,0.0
,,34975.0,5.0,10.0,,1.0,,0.0,0.0,0.0,0.0,45.0,0.0,0.0
27.0,2.0,188189.0,5.0,10.0,0.0,,0.0,0.0,1.0,0.0,0.0,30.0,0.0,
53.0,2.0,29557.0,,10.0,2.0,3.0,0.0,0.0,,,0.0,40.0,0.0,0.0
52.0,1.0,63004.0,3.0,14.0,1.0,1.0,1.0,2.0,0.0,,0.0,40.0,11.0,0.0
45.0,,513660.0,0.0,13.0,0.0,3.0,0.0,,,0.0,0.0,40.0,0.0,0.0
28.0,,160731.0,1.0,9.0,1.0,10.0,1.0,0.0,0.0,0.0,0.0,40.0,12.0,1.0
22.0,2.0,141003.0,,11.0,0.0,4.0,3.0,0.0,0.0,,0.0,30.0,0.0,0.0
19.0,2.0,,5.0,10.0,0.0,4.0,3.0,0.0,1.0,0.0,0.0,26.0,0.0,0.0
22.0,2.0,235853.0,4.0,5.0,0.0,5.0,0.0,0.0,0.0,0.0,,40.0,0.0,0.0
22.0,2.0,,5.0,10.0,0.0,0.0,3.0,0.0,1.0,,0.0,40.0,0.0,0.0
43.0,4.0,96102.0,5.0,10.0,1.0,11.0,1.0,0.0,0.0,0.0,1887.0,40.0,0.0,1.0
37.0,0.0,166744.0,1.0,9.0,3.0,4.0,4.0,0.0,1.0,0.0,0.0,20.0,0.0,0.0
52.0,1.0,194791.0,5.0,10.0,,10.0,1.0,0.0,0.0,0.0,0.0,40.0,0.0,0.0
48.0,5.0,213140.0,5.0,10.0,1.0,1.0,1.0,0.0,0.0,0.0,0.0,40.0,0.0,1.0
35.0,2.0,52738.0,,10.0,1.0,8.0,1.0,,0.0,0.0,0.0,46.0,0.0,0.0
55.0,1.0,98361.0,1.0,9.0,0.0,10.0,3.0,0.0,0.0,0.0,0.0,35.0,0.0,0.0
25.0,,130302.0,1.0,9.0,0.0,2.0,4.0,0.0,0.0,,,40.0,0.0,0.0
25.0,,183575.0,2.0,7.0,0.0,,3.0,0.0,0.0,0.0,0.0,40.0,0.0,0.0
,3.0,172307.0,1.0,9.0,1.0,0.0,1.0,0.0,0.0,0.0,0.0,48.0,0.0,1.0
32.0,2.0,235847.0,5.0,10.0,0.0,1.0,5.0,0.0,1.0,0.0,0.0,50.0,0.0,0.0
49.0,1.0,200471.0,1.0,9.0,1.0,10.0,1.0,,0.0,0.0,0.0,40.0,0.0,0.0
48.0,,212954.0,3.0,14.0,1.0,3.0,1.0,,,15024.0,0.0,40.0,0.0,1.0
,2.0,189590.0,5.0,10.0,0.0,0.0,0.0,0.0,0.0,0.0,0.0,30.0,0.0,0.0
33.0,2.0,205152.0,9.0,,0.0,,0.0,0.0,0.0,0.0,0.0,55.0,0.0,1.0
60.0,1.0,25825.0,1.0,,2.0,10.0,0.0,0.0,0.0,0.0,0.0,50.0,0.0,1.0
,2.0,,12.0,6.0,0.0,10.0,,0.0,0.0,0.0,0.0,40.0,0.0,0.0
41.0,2.0,206066.0,5.0,10.0,1.0,8.0,1.0,0.0,,,0.0,40.0,0.0,0.0
32.0,2.0,379412.0,5.0,10.0,0.0,10.0,,0.0,0.0,0.0,0.0,40.0,0.0,0.0
45.0,2.0,205100.0,0.0,,1.0,1.0,,0.0,0.0,15024.0,0.0,60.0,0.0,1.0
,2.0,114967.0,0.0,13.0,1.0,3.0,1.0,0.0,0.0,,,40.0,0.0,1.0
37.0,4.0,251396.0,6.0,12.0,,,1.0,0.0,0.0,0.0,0.0,45.0,8.0,1.0
45.0,2.0,187033.0,1.0,9.0,1.0,10.0,1.0,0.0,0.0,0.0,2051.0,40.0,0.0,0.0
73.0,4.0,232871.0,7.0,4.0,1.0,11.0,1.0,,0.0,2228.0,0.0,10.0,0.0,
58.0,2.0,,1.0,9.0,2.0,0.0,,0.0,1.0,0.0,0.0,40.0,,0.0
23.0,4.0,210029.0,5.0,10.0,,0.0,3.0,0.0,1.0,0.0,0.0,20.0,0.0,0.0
,,91367.0,3.0,14.0,1.0,1.0,1.0,0.0,0.0,0.0,1848.0,45.0,0.0,1.0
20.0,,224640.0,6.0,12.0,0.0,1.0,3.0,0.0,1.0,0.0,,40.0,0.0,0.0
33.0,2.0,260782.0,5.0,10.0,1.0,10.0,1.0,0.0,,0.0,0.0,41.0,0.0,1.0
30.0,2.0,186346.0,0.0,13.0,0.0,1.0,0.0,0.0,1.0,0.0,0.0,50.0,0.0,0.0
22.0,2.0,,12.0,6.0,0.0,4.0,0.0,,0.0,0.0,0.0,40.0,4.0,
20.0,0.0,41103.0,5.0,10.0,0.0,4.0,3.0,0.0,1.0,0.0,0.0,20.0,0.0,0.0
,4.0,199590.0,5.0,,1.0,10.0,1.0,,0.0,0.0,1887.0,40.0,4.0,1.0
26.0,,161007.0,9.0,11.0,1.0,2.0,1.0,0.0,0.0,0.0,,80.0,0.0,0.0
34.0,2.0,242984.0,1.0,9.0,1.0,1.0,1.0,0.0,0.0,,1887.0,45.0,0.0,1.0
,2.0,82572.0,5.0,10.0,0.0,4.0,0.0,0.0,1.0,0.0,0.0,60.0,0.0,0.0
21.0,2.0,177265.0,6.0,12.0,0.0,4.0,3.0,,1.0,0.0,0.0,30.0,0.0,0.0
,2.0,232337.0,7.0,4.0,2.0,8.0,0.0,0.0,0.0,0.0,,40.0,,0.0
34.0,1.0,123429.0,1.0,9.0,1.0,5.0,,0.0,0.0,,0.0,60.0,0.0,0.0
41.0,2.0,,5.0,10.0,,10.0,1.0,,0.0,,0.0,45.0,0.0,
42.0,2.0,33155.0,1.0,9.0,1.0,8.0,1.0,0.0,0.0,0.0,0.0,45.0,0.0,0.0
32.0,1.0,112115.0,0.0,,,3.0,1.0,0.0,0.0,7688.0,0.0,40.0,0.0,1.0
32.0,2.0,45796.0,5.0,10.0,1.0,7.0,1.0,0.0,0.0,0.0,0.0,,0.0,0.0
30.0,2.0,27207.0,2.0,,1.0,10.0,1.0,0.0,,,0.0,45.0,,0.0
27.0,2.0,153869.0,1.0,,0.0,,3.0,0.0,0.0,,0.0,37.0,,0.0
41.0,2.0,152742.0,9.0,11.0,2.0,9.0,0.0,0.0,1.0,,0.0,,0.0,0.0
39.0,2.0,,3.0,14.0,0.0,3.0,0.0,0.0,1.0,0.0,0.0,40.0,0.0,1.0
22.0,2.0,102684.0,5.0,10.0,0.0,6.0,0.0,0.0,0.0,0.0,,32.0,0.0,0.0
48.0,,97176.0,1.0,9.0,2.0,0.0,5.0,0.0,1.0,0.0,0.0,40.0,0.0,0.0
32.0,2.0,249550.0,5.0,10.0,0.0,3.0,0.0,0.0,0.0,0.0,0.0,,0.0,0.0
30.0,1.0,,5.0,10.0,1.0,0.0,2.0,0.0,1.0,0.0,,20.0,0.0,1.0
24.0,2.0,52262.0,1.0,9.0,0.0,8.0,0.0,,0.0,0.0,0.0,,0.0,0.0
63.0,0.0,194682.0,8.0,16.0,1.0,1.0,1.0,0.0,0.0,0.0,1902.0,50.0,0.0,1.0
35.0,1.0,241998.0,0.0,13.0,1.0,,1.0,0.0,0.0,0.0,0.0,,0.0,0.0
44.0,2.0,138966.0,1.0,9.0,1.0,0.0,,0.0,1.0,0.0,0.0,38.0,0.0,0.0
33.0,0.0,163110.0,0.0,13.0,0.0,3.0,0.0,0.0,0.0,0.0,0.0,20.0,0.0,0.0
24.0,2.0,291407.0,1.0,9.0,1.0,6.0,1.0,1.0,0.0,0.0,0.0,40.0,0.0,0.0
56.0,1.0,67841.0,1.0,9.0,,5.0,,,0.0,0.0,0.0,40.0,0.0,0.0
67.0,2.0,171584.0,0.0,13.0,1.0,11.0,1.0,0.0,0.0,6514.0,0.0,7.0,0.0,1.0
49.0,2.0,250733.0,1.0,9.0,1.0,10.0,1.0,0.0,0.0,0.0,0.0,46.0,0.0,0.0
31.0,5.0,,0.0,13.0,0.0,3.0,0.0,0.0,0.0,0.0,0.0,,0.0,1.0
59.0,0.0,349910.0,0.0,13.0,1.0,1.0,1.0,0.0,,10605.0,0.0,50.0,0.0,1.0
43.0,2.0,125833.0,0.0,13.0,1.0,,1.0,2.0,,0.0,0.0,,36.0,0.0
37.0,0.0,74163.0,0.0,13.0,0.0,3.0,0.0,0.0,1.0,0.0,0.0,40.0,0.0,0.0
18.0,2.0,282394.0,5.0,10.0,0.0,5.0,3.0,1.0,1.0,0.0,0.0,21.0,0.0,0.0
41.0,0.0,47902.0,0.0,13.0,1.0,0.0,1.0,0.0,0.0,0.0,,50.0,0.0,1.0
34.0,1.0,276221.0,12.0,,,7.0,1.0,0.0,0.0,0.0,0.0,40.0,0.0,0.0
30.0,2.0,,1.0,,1.0,5.0,3.0,2.0,1.0,0.0,0.0,,0.0,0.0
59.0,4.0,120617.0,1.0,9.0,,,4.0,,1.0,0.0,0.0,40.0,0.0,
17.0,5.0,143034.0,12.0,6.0,0.0,,3.0,0.0,0.0,0.0,0.0,4.0,,0.0
57.0,3.0,414994.0,5.0,10.0,,1.0,1.0,0.0,0.0,0.0,0.0,40.0,0.0,1.0
,2.0,198660.0,,13.0,1.0,5.0,1.0,,0.0,0.0,,50.0,0.0,0.0
22.0,2.0,107801.0,9.0,11.0,,0.0,3.0,0.0,1.0,0.0,0.0,40.0,0.0,0.0
25.0,2.0,82560.0,6.0,12.0,0.0,4.0,3.0,0.0,0.0,0.0,0.0,43.0,0.0,0.0
50.0,,162327.0,5.0,,1.0,2.0,1.0,0.0,0.0,0.0,,50.0,,0.0
30.0,2.0,190385.0,0.0,13.0,1.0,4.0,2.0,0.0,1.0,0.0,0.0,40.0,0.0,1.0
54.0,1.0,310774.0,0.0,13.0,1.0,5.0,,0.0,0.0,0.0,0.0,40.0,0.0,0.0
27.0,2.0,301302.0,0.0,13.0,0.0,10.0,,0.0,0.0,0.0,0.0,,0.0,0.0
68.0,2.0,163346.0,1.0,9.0,6.0,8.0,0.0,,1.0,0.0,0.0,32.0,0.0,0.0
17.0,2.0,167878.0,2.0,7.0,0.0,4.0,3.0,0.0,0.0,0.0,0.0,,0.0,
30.0,4.0,194740.0,0.0,13.0,1.0,11.0,1.0,0.0,0.0,0.0,,40.0,0.0,0.0
20.0,0.0,432052.0,5.0,10.0,,2.0,0.0,0.0,0.0,0.0,0.0,15.0,0.0,0.0
24.0,2.0,141113.0,7.0,4.0,1.0,5.0,1.0,,0.0,2580.0,0.0,40.0,0.0,0.0
34.0,2.0,473133.0,1.0,9.0,1.0,5.0,1.0,0.0,0.0,0.0,0.0,60.0,0.0,0.0
38.0,2.0,,5.0,,1.0,10.0,1.0,0.0,0.0,,0.0,36.0,0.0,1.0
31.0,2.0,139822.0,,,1.0,0.0,2.0,,1.0,0.0,0.0,40.0,0.0,1.0
25.0,2.0,242729.0,0.0,13.0,0.0,5.0,3.0,0.0,1.0,0.0,0.0,20.0,0.0,0.0
49.0,1.0,59612.0,12.0,6.0,2.0,7.0,4.0,,0.0,0.0,0.0,70.0,0.0,
,3.0,67083.0,0.0,13.0,0.0,1.0,,2.0,0.0,1471.0,0.0,40.0,14.0,0.0
53.0,2.0,347446.0,,5.0,1.0,8.0,1.0,,0.0,0.0,0.0,40.0,0.0,0.0
30.0,3.0,356689.0,0.0,13.0,1.0,0.0,1.0,0.0,0.0,0.0,0.0,30.0,,0.0
61.0,2.0,137733.0,5.0,10.0,2.0,4.0,0.0,0.0,0.0,0.0,0.0,25.0,0.0,0.0
55.0,2.0,176012.0,4.0,5.0,1.0,9.0,2.0,,1.0,0.0,0.0,23.0,0.0,0.0
24.0,2.0,41838.0,5.0,10.0,1.0,10.0,1.0,,0.0,2407.0,0.0,40.0,0.0,0.0
20.0,2.0,193586.0,5.0,10.0,0.0,3.0,,0.0,1.0,0.0,0.0,18.0,,0.0
36.0,2.0,145933.0,1.0,9.0,0.0,1.0,,0.0,0.0,0.0,2258.0,70.0,0.0,0.0
41.0,,137126.0,0.0,13.0,1.0,,1.0,0.0,0.0,0.0,1977.0,45.0,,1.0
53.0,4.0,188644.0,11.0,3.0,1.0,4.0,1.0,,0.0,0.0,0.0,40.0,4.0,0.0
50.0,2.0,343847.0,1.0,,1.0,11.0,1.0,0.0,0.0,,0.0,38.0,,1.0
43.0,5.0,602513.0,3.0,14.0,,1.0,1.0,0.0,,0.0,0.0,50.0,0.0,1.0
37.0,2.0,46385.0,1.0,9.0,1.0,8.0,1.0,0.0,0.0,0.0,0.0,,,0.0
64.0,2.0,171373.0,2.0,7.0,6.0,7.0,4.0,0.0,1.0,0.0,,,0.0,0.0
49.0,2.0,239865.0,2.0,7.0,1.0,6.0,1.0,,0.0,0.0,0.0,40.0,0.0,0.0
68.0,2.0,253866.0,,13.0,1.0,5.0,1.0,,0.0,0.0,0.0,30.0,0.0,0.0
40.0,4.0,157240.0,0.0,13.0,2.0,,4.0,0.0,1.0,0.0,0.0,70.0,0.0,0.0
39.0,2.0,104089.0,9.0,11.0,1.0,10.0,1.0,0.0,0.0,0.0,0.0,50.0,0.0,1.0
48.0,1.0,265477.0,6.0,12.0,1.0,3.0,1.0,0.0,0.0,0.0,0.0,40.0,0.0,0.0
53.0,4.0,82783.0,1.0,9.0,2.0,1.0,0.0,0.0,0.0,,0.0,40.0,0.0,0.0
61.0,2.0,68268.0,,6.0,,7.0,1.0,0.0,0.0,0.0,0.0,55.0,0.0,
31.0,2.0,145377.0,0.0,13.0,1.0,5.0,1.0,0.0,,0.0,0.0,60.0,0.0,
21.0,2.0,,5.0,,0.0,4.0,0.0,0.0,1.0,0.0,0.0,,0.0,0.0
43.0,2.0,456236.0,3.0,,1.0,1.0,1.0,0.0,0.0,,0.0,50.0,0.0,1.0
18.0,2.0,214617.0,5.0,10.0,0.0,5.0,3.0,,0.0,0.0,0.0,16.0,0.0,0.0
47.0,,99549.0,5.0,10.0,2.0,0.0,,1.0,1.0,0.0,0.0,40.0,0.0,
39.0,2.0,177181.0,7.0,4.0,1.0,6.0,1.0,0.0,0.0,0.0,,,0.0,
50.0,2.0,150941.0,1.0,9.0,2.0,8.0,,1.0,1.0,0.0,0.0,44.0,0.0,0.0
56.0,2.0,98809.0,7.0,4.0,1.0,8.0,2.0,0.0,1.0,5013.0,0.0,45.0,0.0,
,1.0,100079.0,0.0,13.0,1.0,5.0,1.0,2.0,0.0,0.0,,55.0,3.0,0.0
36.0,2.0,,1.0,9.0,2.0,3.0,3.0,0.0,1.0,0.0,0.0,40.0,0.0,
41.0,2.0,279914.0,5.0,10.0,1.0,0.0,,0.0,0.0,0.0,,45.0,0.0,1.0
64.0,3.0,301383.0,6.0,12.0,1.0,1.0,1.0,0.0,0.0,9386.0,,45.0,0.0,1.0
42.0,5.0,152071.0,10.0,15.0,1.0,3.0,1.0,0.0,0.0,0.0,0.0,60.0,1.0,1.0
21.0,2.0,,1.0,9.0,,2.0,3.0,0.0,0.0,,0.0,40.0,0.0,0.0
38.0,2.0,455379.0,0.0,13.0,1.0,,1.0,,0.0,0.0,,63.0,0.0,
39.0,,99146.0,0.0,,1.0,11.0,,0.0,0.0,0.0,1887.0,60.0,,
68.0,2.0,117236.0,0.0,13.0,1.0,,1.0,0.0,,20051.0,0.0,45.0,0.0,1.0
90.0,2.0,90523.0,1.0,9.0,6.0,6.0,4.0,0.0,0.0,0.0,0.0,99.0,0.0,0.0
41.0,2.0,469454.0,5.0,,,10.0,1.0,0.0,0.0,0.0,0.0,,0.0,0.0
,2.0,298860.0,2.0,7.0,0.0,,3.0,0.0,0.0,,0.0,20.0,0.0,0.0
47.0,2.0,160474.0,1.0,9.0,1.0,,2.0,0.0,1.0,0.0,,30.0,0.0,1.0
32.0,0.0,198211.0,5.0,10.0,0.0,0.0,0.0,0.0,,0.0,,38.0,0.0,0.0
62.0,2.0,113440.0,0.0,13.0,,5.0,1.0,0.0,0.0,0.0,0.0,35.0,0.0,0.0
,2.0,68037.0,5.0,10.0,0.0,1.0,,0.0,0.0,0.0,0.0,45.0,0.0,0.0
20.0,2.0,196678.0,,8.0,0.0,0.0,3.0,0.0,1.0,0.0,0.0,40.0,0.0,0.0
32.0,2.0,184207.0,1.0,9.0,2.0,10.0,0.0,0.0,0.0,0.0,0.0,40.0,0.0,0.0
,2.0,,5.0,10.0,,,3.0,0.0,1.0,0.0,0.0,50.0,0.0,0.0
48.0,4.0,31264.0,5.0,10.0,1.0,1.0,,0.0,1.0,5178.0,0.0,,0.0,1.0
46.0,2.0,325372.0,5.0,,1.0,1.0,1.0,,0.0,0.0,,40.0,,0.0
44.0,2.0,111067.0,5.0,10.0,1.0,10.0,1.0,0.0,0.0,0.0,0.0,40.0,0.0,0.0
49.0,5.0,26502.0,0.0,13.0,2.0,3.0,4.0,0.0,0.0,,0.0,45.0,0.0,0.0
19.0,2.0,41745.0,5.0,10.0,0.0,,3.0,,1.0,0.0,,40.0,0.0,0.0
43.0,1.0,130126.0,0.0,,1.0,10.0,1.0,,0.0,,0.0,40.0,,1.0
30.0,2.0,231263.0,1.0,9.0,1.0,5.0,1.0,0.0,0.0,0.0,0.0,40.0,0.0,0.0
41.0,0.0,355756.0,5.0,10.0,,3.0,0.0,0.0,0.0,0.0,0.0,40.0,0.0,0.0
30.0,,236599.0,1.0,9.0,1.0,1.0,1.0,0.0,0.0,0.0,0.0,,0.0,0.0
46.0,4.0,327886.0,,,1.0,0.0,1.0,0.0,0.0,0.0,0.0,40.0,0.0,0.0
39.0,2.0,98941.0,1.0,,1.0,10.0,1.0,0.0,0.0,0.0,0.0,40.0,0.0,0.0
38.0,2.0,335104.0,0.0,13.0,2.0,3.0,0.0,0.0,1.0,0.0,0.0,35.0,,0.0
36.0,2.0,226013.0,1.0,9.0,1.0,8.0,1.0,1.0,0.0,5178.0,0.0,40.0,0.0,1.0
33.0,1.0,361497.0,1.0,,0.0,3.0,0.0,0.0,0.0,0.0,0.0,40.0,0.0,0.0
34.0,2.0,226629.0,1.0,,0.0,13.0,0.0,0.0,1.0,0.0,0.0,40.0,4.0,
59.0,1.0,199240.0,1.0,9.0,2.0,3.0,0.0,0.0,0.0,0.0,0.0,20.0,7.0,0.0
58.0,2.0,205235.0,1.0,9.0,1.0,6.0,1.0,0.0,0.0,0.0,0.0,60.0,0.0,1.0
32.0,2.0,123253.0,,12.0,1.0,10.0,1.0,0.0,0.0,0.0,0.0,,0.0,0.0
31.0,2.0,211880.0,0.0,13.0,1.0,5.0,1.0,0.0,0.0,0.0,0.0,40.0,0.0,0.0
37.0,2.0,185359.0,1.0,9.0,1.0,0.0,1.0,0.0,0.0,0.0,0.0,,,0.0
29.0,2.0,255817.0,11.0,3.0,0.0,4.0,5.0,0.0,1.0,,0.0,,22.0,0.0
30.0,2.0,48829.0,1.0,9.0,0.0,5.0,0.0,0.0,1.0,0.0,1602.0,30.0,,0.0
26.0,,151810.0,,6.0,0.0,7.0,0.0,1.0,0.0,0.0,0.0,40.0,0.0,0.0
19.0,2.0,282698.0,7.0,4.0,0.0,0.0,3.0,0.0,0.0,0.0,,80.0,0.0,0.0
34.0,2.0,204470.0,3.0,14.0,1.0,1.0,1.0,0.0,0.0,,0.0,50.0,0.0,1.0
27.0,,114967.0,,13.0,0.0,9.0,0.0,0.0,0.0,0.0,0.0,40.0,0.0,0.0
47.0,2.0,133758.0,1.0,9.0,2.0,1.0,0.0,,1.0,0.0,1974.0,40.0,0.0,0.0
41.0,0.0,106900.0,3.0,14.0,1.0,3.0,1.0,0.0,0.0,7298.0,0.0,60.0,0.0,1.0
55.0,1.0,194065.0,6.0,12.0,2.0,5.0,0.0,0.0,1.0,0.0,0.0,40.0,0.0,0.0
41.0,2.0,185132.0,0.0,13.0,0.0,3.0,0.0,0.0,1.0,0.0,0.0,,0.0,
52.0,5.0,,5.0,10.0,1.0,10.0,1.0,0.0,0.0,0.0,0.0,40.0,0.0,0.0
,2.0,238415.0,0.0,13.0,1.0,1.0,1.0,0.0,0.0,0.0,0.0,50.0,0.0,1.0
,2.0,,5.0,10.0,1.0,3.0,1.0,0.0,0.0,0.0,0.0,10.0,0.0,0.0
35.0,2.0,58343.0,1.0,9.0,1.0,,1.0,0.0,0.0,,0.0,44.0,0.0,0.0
36.0,2.0,191161.0,1.0,9.0,0.0,5.0,0.0,0.0,0.0,0.0,0.0,50.0,0.0,0.0
34.0,1.0,209768.0,1.0,9.0,1.0,1.0,1.0,0.0,0.0,0.0,0.0,40.0,0.0,0.0
21.0,,337766.0,5.0,10.0,1.0,,1.0,0.0,0.0,0.0,0.0,40.0,0.0,0.0
33.0,5.0,,1.0,9.0,,4.0,4.0,2.0,0.0,0.0,0.0,40.0,36.0,
,2.0,158301.0,1.0,9.0,2.0,6.0,0.0,0.0,0.0,0.0,0.0,60.0,0.0,0.0
37.0,5.0,196123.0,3.0,14.0,1.0,1.0,,0.0,0.0,0.0,,70.0,0.0,1.0
65.0,2.0,192133.0,1.0,9.0,1.0,10.0,1.0,0.0,0.0,2290.0,0.0,40.0,,0.0
28.0,5.0,32922.0,9.0,,0.0,5.0,0.0,0.0,0.0,,0.0,60.0,0.0,0.0
23.0,2.0,152189.0,6.0,12.0,0.0,4.0,0.0,0.0,0.0,0.0,,40.0,0.0,0.0
38.0,2.0,183279.0,5.0,10.0,1.0,1.0,1.0,0.0,0.0,0.0,0.0,44.0,0.0,1.0
35.0,,,1.0,9.0,0.0,10.0,4.0,0.0,0.0,0.0,0.0,35.0,0.0,0.0
39.0,2.0,,0.0,13.0,1.0,3.0,1.0,0.0,0.0,0.0,0.0,40.0,0.0,1.0
51.0,3.0,,,9.0,1.0,0.0,1.0,0.0,0.0,0.0,0.0,40.0,0.0,1.0
27.0,2.0,419146.0,11.0,3.0,0.0,4.0,0.0,0.0,0.0,0.0,0.0,,4.0,0.0
,2.0,130926.0,0.0,13.0,2.0,0.0,0.0,0.0,1.0,,0.0,40.0,0.0,0.0
51.0,2.0,177669.0,5.0,10.0,1.0,5.0,1.0,0.0,0.0,0.0,0.0,60.0,0.0,
48.0,4.0,,,14.0,2.0,,0.0,0.0,,0.0,0.0,40.0,,1.0
,2.0,149224.0,1.0,9.0,0.0,5.0,0.0,0.0,0.0,0.0,0.0,40.0,0.0,0.0
31.0,2.0,,5.0,,1.0,5.0,1.0,0.0,0.0,0.0,,40.0,0.0,0.0
24.0,2.0,32921.0,5.0,10.0,0.0,7.0,3.0,,0.0,0.0,0.0,50.0,0.0,0.0
22.0,2.0,279901.0,,9.0,1.0,4.0,3.0,1.0,,0.0,0.0,40.0,0.0,
,2.0,190060.0,1.0,9.0,,5.0,1.0,0.0,0.0,0.0,0.0,40.0,0.0,1.0
,2.0,30497.0,,13.0,1.0,1.0,1.0,0.0,0.0,15024.0,0.0,60.0,0.0,1.0
30.0,0.0,70617.0,3.0,14.0,1.0,3.0,1.0,2.0,0.0,0.0,0.0,10.0,26.0,0.0
50.0,2.0,169925.0,1.0,9.0,1.0,10.0,1.0,0.0,0.0,0.0,0.0,15.0,0.0,0.0
48.0,2.0,185039.0,1.0,9.0,2.0,5.0,4.0,0.0,,0.0,0.0,30.0,0.0,0.0
42.0,2.0,195821.0,1.0,9.0,4.0,5.0,4.0,0.0,1.0,0.0,0.0,40.0,0.0,0.0
56.0,2.0,146326.0,1.0,,1.0,6.0,1.0,0.0,0.0,0.0,,50.0,,0.0
60.0,4.0,232618.0,1.0,9.0,1.0,4.0,1.0,,0.0,0.0,0.0,,0.0,0.0
48.0,1.0,373606.0,5.0,10.0,2.0,5.0,4.0,,0.0,,0.0,65.0,,1.0
46.0,,155659.0,2.0,7.0,1.0,10.0,1.0,0.0,0.0,,1902.0,,,1.0
73.0,2.0,123160.0,12.0,6.0,,4.0,0.0,0.0,1.0,0.0,,10.0,0.0,
36.0,2.0,268292.0,1.0,9.0,1.0,10.0,1.0,0.0,0.0,0.0,0.0,41.0,0.0,0.0
19.0,2.0,,5.0,10.0,0.0,5.0,0.0,,0.0,0.0,0.0,40.0,,0.0
24.0,,,5.0,10.0,0.0,8.0,0.0,0.0,0.0,0.0,0.0,,0.0,0.0
38.0,2.0,31053.0,1.0,9.0,2.0,1.0,4.0,0.0,1.0,0.0,,40.0,0.0,0.0
32.0,2.0,,8.0,16.0,1.0,3.0,1.0,0.0,0.0,0.0,0.0,,0.0,1.0
35.0,2.0,82622.0,1.0,9.0,2.0,1.0,0.0,0.0,0.0,0.0,0.0,,0.0,0.0
32.0,2.0,732102.0,0.0,13.0,0.0,1.0,0.0,0.0,0.0,0.0,,40.0,,0.0
39.0,2.0,150061.0,3.0,14.0,2.0,1.0,4.0,1.0,1.0,15020.0,0.0,60.0,0.0,1.0
31.0,2.0,332379.0,7.0,4.0,0.0,10.0,0.0,0.0,0.0,0.0,0.0,40.0,0.0,
43.0,2.0,191547.0,1.0,9.0,1.0,7.0,1.0,0.0,0.0,0.0,,40.0,4.0,
58.0,1.0,87510.0,12.0,6.0,1.0,10.0,1.0,0.0,0.0,0.0,0.0,40.0,,0.0
23.0,2.0,343019.0,12.0,6.0,0.0,4.0,0.0,,,0.0,0.0,40.0,0.0,0.0
50.0,,312477.0,1.0,9.0,1.0,1.0,,0.0,0.0,0.0,1887.0,40.0,0.0,1.0
31.0,2.0,351187.0,1.0,9.0,2.0,,4.0,0.0,0.0,0.0,0.0,40.0,0.0,0.0
,2.0,,1.0,9.0,,,0.0,1.0,0.0,,0.0,40.0,0.0,0.0
71.0,1.0,163293.0,10.0,15.0,1.0,7.0,1.0,0.0,0.0,0.0,0.0,,0.0,
41.0,1.0,134130.0,1.0,9.0,1.0,7.0,1.0,0.0,0.0,0.0,0.0,,0.0,0.0
32.0,2.0,385959.0,1.0,9.0,0.0,10.0,3.0,0.0,,0.0,0.0,50.0,0.0,0.0
29.0,5.0,260729.0,1.0,9.0,1.0,5.0,2.0,0.0,1.0,0.0,1977.0,25.0,0.0,1.0
,,187465.0,,7.0,2.0,5.0,0.0,0.0,1.0,0.0,0.0,40.0,0.0,0.0
17.0,2.0,245918.0,2.0,7.0,0.0,4.0,3.0,0.0,0.0,0.0,0.0,12.0,0.0,0.0
62.0,2.0,159908.0,5.0,10.0,1.0,0.0,2.0,0.0,1.0,0.0,0.0,,0.0,1.0
33.0,2.0,217460.0,6.0,12.0,1.0,3.0,1.0,,0.0,0.0,0.0,40.0,0.0,1.0
,2.0,191188.0,12.0,6.0,,,4.0,0.0,0.0,,0.0,20.0,0.0,0.0
,4.0,238831.0,5.0,,0.0,11.0,3.0,0.0,0.0,0.0,0.0,40.0,0.0,0.0
21.0,2.0,346341.0,5.0,10.0,0.0,3.0,0.0,0.0,1.0,,0.0,40.0,0.0,0.0
34.0,2.0,27494.0,1.0,9.0,2.0,10.0,0.0,3.0,0.0,0.0,0.0,48.0,0.0,1.0
36.0,3.0,184556.0,0.0,13.0,1.0,1.0,,0.0,1.0,0.0,0.0,40.0,,0.0
,,85244.0,0.0,13.0,4.0,10.0,0.0,0.0,0.0,,0.0,,0.0,0.0
19.0,2.0,35865.0,5.0,10.0,0.0,4.0,0.0,0.0,1.0,0.0,,30.0,0.0,0.0
17.0,2.0,244589.0,2.0,7.0,0.0,5.0,3.0,0.0,1.0,0.0,0.0,40.0,0.0,0.0
22.0,2.0,359759.0,5.0,10.0,0.0,5.0,0.0,2.0,0.0,0.0,0.0,20.0,11.0,0.0
47.0,2.0,178686.0,9.0,11.0,0.0,4.0,0.0,0.0,,,0.0,40.0,0.0,
25.0,2.0,174592.0,1.0,,,4.0,3.0,0.0,1.0,0.0,0.0,25.0,0.0,0.0
47.0,2.0,162741.0,6.0,12.0,1.0,3.0,2.0,1.0,1.0,15024.0,0.0,40.0,,1.0
28.0,2.0,606111.0,8.0,16.0,0.0,3.0,0.0,0.0,1.0,,0.0,60.0,9.0,1.0
21.0,2.0,202871.0,1.0,9.0,0.0,8.0,3.0,,0.0,0.0,0.0,20.0,0.0,0.0
54.0,2.0,98535.0,0.0,13.0,,1.0,1.0,0.0,,0.0,0.0,40.0,0.0,1.0
,2.0,112967.0,5.0,10.0,1.0,11.0,1.0,0.0,0.0,0.0,,40.0,,0.0
72.0,2.0,,0.0,13.0,2.0,5.0,0.0,0.0,0.0,0.0,0.0,30.0,0.0,0.0
46.0,4.0,125457.0,3.0,14.0,1.0,3.0,1.0,1.0,0.0,0.0,0.0,38.0,0.0,
,2.0,,,3.0,1.0,4.0,,0.0,0.0,,0.0,40.0,4.0,0.0
,1.0,192869.0,1.0,9.0,1.0,7.0,1.0,0.0,0.0,0.0,0.0,,0.0,0.0
40.0,2.0,29841.0,0.0,13.0,,0.0,2.0,0.0,1.0,0.0,,40.0,0.0,0.0
38.0,2.0,108726.0,1.0,9.0,1.0,1.0,1.0,0.0,0.0,,0.0,40.0,0.0,1.0
23.0,2.0,60331.0,5.0,10.0,2.0,1.0,,0.0,0.0,,0.0,50.0,0.0,0.0
27.0,,,1.0,9.0,1.0,6.0,1.0,0.0,0.0,0.0,0.0,40.0,0.0,0.0
38.0,2.0,245090.0,1.0,9.0,1.0,10.0,1.0,0.0,0.0,0.0,0.0,40.0,35.0,0.0
39.0,1.0,231180.0,1.0,9.0,1.0,4.0,1.0,0.0,0.0,0.0,,50.0,0.0,0.0
54.0,2.0,100933.0,1.0,,,0.0,4.0,0.0,1.0,0.0,0.0,40.0,0.0,0.0
57.0,2.0,361324.0,12.0,6.0,1.0,10.0,,0.0,0.0,0.0,0.0,40.0,0.0,0.0
46.0,2.0,160647.0,0.0,13.0,,9.0,,,1.0,0.0,0.0,38.0,0.0,0.0
35.0,2.0,,0.0,13.0,,5.0,1.0,0.0,,0.0,,52.0,0.0,1.0
35.0,4.0,230754.0,3.0,,0.0,3.0,3.0,1.0,1.0,0.0,0.0,40.0,0.0,0.0
40.0,2.0,240504.0,,13.0,1.0,,1.0,0.0,0.0,0.0,0.0,45.0,0.0,1.0
50.0,4.0,100480.0,3.0,14.0,1.0,,1.0,0.0,0.0,0.0,0.0,60.0,0.0,1.0
42.0,2.0,52781.0,5.0,10.0,1.0,9.0,1.0,,0.0,0.0,0.0,40.0,,0.0
47.0,2.0,,3.0,14.0,0.0,3.0,0.0,0.0,1.0,0.0,0.0,35.0,0.0,0.0
23.0,0.0,235853.0,0.0,13.0,,9.0,0.0,0.0,0.0,0.0,0.0,22.0,0.0,0.0
18.0,2.0,199039.0,14.0,,0.0,5.0,3.0,0.0,0.0,594.0,0.0,14.0,0.0,0.0
36.0,2.0,143385.0,1.0,9.0,0.0,10.0,0.0,0.0,0.0,0.0,0.0,40.0,0.0,0.0
29.0,4.0,142443.0,0.0,13.0,1.0,3.0,1.0,0.0,0.0,0.0,,60.0,0.0,0.0
42.0,5.0,369781.0,7.0,4.0,2.0,10.0,4.0,0.0,0.0,0.0,,25.0,0.0,0.0
,1.0,32185.0,0.0,13.0,1.0,7.0,1.0,0.0,0.0,0.0,0.0,60.0,0.0,1.0
40.0,2.0,256202.0,,11.0,1.0,2.0,1.0,1.0,0.0,0.0,0.0,40.0,0.0,0.0
43.0,,,10.0,15.0,1.0,1.0,1.0,0.0,0.0,99999.0,0.0,40.0,0.0,1.0
36.0,2.0,,1.0,9.0,,0.0,3.0,0.0,,,0.0,40.0,0.0,
37.0,2.0,126011.0,9.0,11.0,2.0,9.0,,,0.0,0.0,0.0,40.0,0.0,0.0
32.0,2.0,281540.0,5.0,10.0,1.0,9.0,1.0,0.0,0.0,0.0,0.0,50.0,0.0,0.0
42.0,1.0,177937.0,0.0,13.0,3.0,1.0,0.0,0.0,0.0,0.0,0.0,45.0,12.0,0.0
39.0,2.0,344743.0,,10.0,1.0,0.0,3.0,1.0,1.0,0.0,,50.0,,1.0
60.0,4.0,165982.0,3.0,14.0,1.0,1.0,1.0,0.0,,0.0,0.0,50.0,0.0,1.0
32.0,2.0,,5.0,10.0,1.0,6.0,1.0,0.0,0.0,0.0,1485.0,45.0,0.0,1.0
68.0,3.0,422013.0,1.0,9.0,2.0,3.0,0.0,0.0,1.0,0.0,3683.0,40.0,0.0,0.0
35.0,2.0,40135.0,,10.0,1.0,2.0,1.0,0.0,0.0,0.0,2042.0,40.0,0.0,0.0
29.0,2.0,83517.0,4.0,5.0,0.0,,0.0,0.0,0.0,0.0,0.0,40.0,0.0,0.0
60.0,4.0,195453.0,9.0,11.0,,1.0,1.0,0.0,0.0,0.0,0.0,60.0,0.0,1.0
41.0,,204662.0,3.0,,1.0,1.0,1.0,,0.0,0.0,0.0,45.0,0.0,
26.0,2.0,206199.0,1.0,9.0,0.0,0.0,3.0,1.0,0.0,0.0,0.0,40.0,0.0,0.0
27.0,,153546.0,9.0,11.0,1.0,4.0,2.0,0.0,1.0,0.0,0.0,36.0,0.0,1.0
33.0,1.0,155343.0,5.0,10.0,0.0,7.0,0.0,0.0,0.0,0.0,0.0,72.0,0.0,0.0
29.0,2.0,253799.0,14.0,8.0,0.0,1.0,0.0,0.0,0.0,0.0,0.0,42.0,7.0,0.0
41.0,2.0,190591.0,6.0,12.0,2.0,1.0,0.0,1.0,1.0,0.0,0.0,40.0,2.0,0.0
,2.0,,1.0,9.0,0.0,2.0,0.0,1.0,0.0,0.0,0.0,40.0,0.0,0.0
45.0,2.0,189792.0,3.0,14.0,1.0,5.0,1.0,0.0,0.0,0.0,0.0,40.0,0.0,1.0
41.0,2.0,215479.0,1.0,9.0,4.0,2.0,0.0,1.0,0.0,0.0,0.0,,0.0,0.0
50.0,1.0,36480.0,12.0,6.0,2.0,10.0,0.0,0.0,0.0,0.0,0.0,45.0,0.0,0.0
23.0,2.0,155919.0,,5.0,3.0,10.0,0.0,0.0,0.0,0.0,0.0,,4.0,0.0
47.0,2.0,195978.0,1.0,9.0,1.0,10.0,1.0,0.0,0.0,0.0,0.0,40.0,0.0,1.0
24.0,2.0,137876.0,1.0,9.0,0.0,10.0,3.0,0.0,0.0,0.0,0.0,50.0,0.0,0.0
36.0,2.0,95654.0,,13.0,1.0,,,0.0,1.0,0.0,0.0,50.0,,1.0
47.0,4.0,200808.0,14.0,8.0,1.0,0.0,1.0,0.0,0.0,0.0,,35.0,5.0,
40.0,2.0,321758.0,1.0,9.0,1.0,5.0,1.0,0.0,,0.0,0.0,40.0,0.0,1.0
68.0,1.0,195881.0,1.0,9.0,1.0,7.0,1.0,0.0,0.0,2414.0,0.0,40.0,0.0,0.0
38.0,2.0,160192.0,1.0,9.0,,10.0,1.0,0.0,0.0,0.0,2051.0,44.0,0.0,0.0
50.0,,117791.0,,9.0,2.0,0.0,0.0,0.0,1.0,0.0,0.0,40.0,0.0,0.0
,2.0,201127.0,1.0,9.0,2.0,,0.0,0.0,0.0,0.0,0.0,45.0,,0.0
38.0,2.0,111499.0,1.0,9.0,1.0,5.0,1.0,0.0,0.0,0.0,1977.0,99.0,0.0,1.0
48.0,2.0,,1.0,9.0,,,1.0,0.0,0.0,,0.0,44.0,0.0,0.0
48.0,0.0,31141.0,5.0,10.0,1.0,11.0,1.0,0.0,0.0,0.0,1902.0,40.0,0.0,1.0
31.0,2.0,184306.0,9.0,11.0,,6.0,3.0,0.0,0.0,0.0,1980.0,60.0,0.0,0.0
65.0,2.0,155261.0,1.0,9.0,1.0,1.0,1.0,0.0,0.0,0.0,0.0,,0.0,
,4.0,237879.0,0.0,,1.0,3.0,,0.0,0.0,0.0,0.0,58.0,0.0,0.0
24.0,2.0,,5.0,,0.0,0.0,,0.0,1.0,0.0,0.0,17.0,0.0,0.0
26.0,2.0,120268.0,1.0,9.0,1.0,4.0,1.0,,0.0,0.0,0.0,50.0,0.0,0.0
54.0,2.0,182854.0,1.0,9.0,1.0,10.0,1.0,0.0,,0.0,,45.0,0.0,0.0
,4.0,74056.0,0.0,13.0,0.0,9.0,0.0,0.0,0.0,0.0,0.0,50.0,0.0,
20.0,2.0,256240.0,1.0,,0.0,4.0,3.0,0.0,0.0,0.0,0.0,30.0,0.0,0.0
40.0,2.0,170214.0,1.0,9.0,1.0,6.0,1.0,0.0,0.0,0.0,0.0,40.0,0.0,1.0
29.0,2.0,419721.0,1.0,9.0,0.0,4.0,4.0,1.0,1.0,,0.0,40.0,28.0,0.0
,2.0,208570.0,1.0,9.0,1.0,5.0,2.0,0.0,1.0,0.0,0.0,26.0,0.0,
31.0,4.0,190228.0,3.0,14.0,0.0,1.0,0.0,0.0,0.0,0.0,0.0,,0.0,0.0
30.0,2.0,228406.0,1.0,9.0,4.0,0.0,4.0,1.0,1.0,0.0,,40.0,0.0,0.0
27.0,,176761.0,1.0,9.0,0.0,10.0,,4.0,0.0,0.0,0.0,40.0,,0.0
30.0,,243165.0,,9.0,1.0,1.0,1.0,0.0,0.0,0.0,0.0,40.0,0.0,0.0
18.0,2.0,133654.0,1.0,9.0,0.0,0.0,3.0,0.0,1.0,0.0,0.0,40.0,0.0,0.0
63.0,2.0,137843.0,5.0,10.0,1.0,5.0,1.0,0.0,0.0,,,48.0,0.0,1.0
32.0,5.0,244665.0,1.0,9.0,,10.0,1.0,0.0,0.0,,0.0,45.0,0.0,1.0
52.0,2.0,117674.0,1.0,9.0,1.0,1.0,1.0,0.0,0.0,0.0,0.0,55.0,0.0,1.0
18.0,0.0,389147.0,1.0,,0.0,5.0,0.0,1.0,1.0,0.0,0.0,30.0,0.0,0.0
,2.0,187167.0,5.0,10.0,2.0,1.0,0.0,0.0,1.0,0.0,0.0,40.0,0.0,0.0
41.0,5.0,94113.0,10.0,15.0,1.0,3.0,1.0,0.0,0.0,0.0,0.0,60.0,0.0,
27.0,,334132.0,6.0,,0.0,3.0,,0.0,1.0,0.0,0.0,78.0,,0.0
,2.0,241306.0,9.0,11.0,1.0,9.0,1.0,0.0,0.0,0.0,0.0,40.0,0.0,1.0
,4.0,311080.0,5.0,10.0,1.0,0.0,1.0,0.0,0.0,0.0,0.0,40.0,0.0,1.0
24.0,2.0,221955.0,0.0,13.0,1.0,5.0,5.0,0.0,0.0,0.0,0.0,,0.0,0.0
36.0,2.0,113481.0,1.0,9.0,2.0,10.0,,0.0,0.0,,0.0,40.0,0.0,
20.0,,306639.0,,,0.0,,3.0,0.0,0.0,0.0,0.0,20.0,0.0,0.0
,2.0,206833.0,1.0,,4.0,2.0,4.0,1.0,1.0,0.0,0.0,45.0,0.0,
51.0,4.0,387250.0,0.0,13.0,1.0,0.0,1.0,0.0,0.0,0.0,0.0,50.0,0.0,1.0
18.0,2.0,,5.0,10.0,0.0,5.0,0.0,0.0,1.0,,,30.0,0.0,0.0
72.0,2.0,,0.0,13.0,1.0,5.0,1.0,0.0,0.0,1455.0,0.0,6.0,0.0,0.0
24.0,2.0,149396.0,5.0,10.0,0.0,4.0,5.0,1.0,1.0,0.0,0.0,30.0,19.0,
,,178215.0,,5.0,1.0,,2.0,0.0,1.0,0.0,0.0,40.0,0.0,1.0
48.0,2.0,189462.0,5.0,10.0,1.0,10.0,1.0,0.0,0.0,7688.0,,40.0,0.0,1.0
59.0,3.0,61298.0,0.0,13.0,3.0,1.0,0.0,0.0,1.0,0.0,0.0,40.0,0.0,0.0
26.0,2.0,33939.0,,10.0,0.0,9.0,3.0,0.0,0.0,0.0,0.0,20.0,0.0,0.0
25.0,2.0,169679.0,1.0,9.0,1.0,6.0,1.0,,0.0,0.0,0.0,40.0,0.0,0.0
42.0,2.0,245975.0,1.0,9.0,1.0,10.0,1.0,0.0,0.0,0.0,,40.0,0.0,0.0
22.0,2.0,215477.0,,10.0,0.0,6.0,3.0,,0.0,0.0,0.0,40.0,0.0,
53.0,2.0,247651.0,7.0,4.0,2.0,8.0,4.0,1.0,1.0,0.0,0.0,56.0,0.0,0.0
32.0,2.0,,0.0,13.0,1.0,,1.0,0.0,0.0,0.0,,55.0,0.0,1.0
,2.0,308296.0,,9.0,1.0,6.0,2.0,0.0,,0.0,0.0,20.0,0.0,0.0
47.0,2.0,329144.0,5.0,10.0,2.0,3.0,,0.0,0.0,0.0,0.0,48.0,0.0,1.0
38.0,2.0,,0.0,13.0,1.0,4.0,,0.0,0.0,3908.0,0.0,70.0,0.0,0.0
62.0,0.0,39630.0,0.0,13.0,,3.0,1.0,0.0,0.0,0.0,,,0.0,0.0
61.0,5.0,134768.0,5.0,10.0,1.0,,1.0,0.0,0.0,0.0,,40.0,0.0,0.0
38.0,2.0,189916.0,5.0,,1.0,5.0,2.0,0.0,1.0,0.0,0.0,40.0,,0.0
32.0,2.0,248584.0,,,0.0,7.0,3.0,0.0,0.0,0.0,0.0,40.0,0.0,0.0
20.0,2.0,117618.0,,,0.0,1.0,3.0,0.0,0.0,0.0,0.0,40.0,0.0,0.0
31.0,2.0,187203.0,1.0,9.0,0.0,5.0,5.0,0.0,0.0,0.0,0.0,,0.0,0.0
31.0,2.0,206051.0,0.0,13.0,1.0,,1.0,0.0,0.0,0.0,0.0,40.0,0.0,1.0
52.0,2.0,191529.0,5.0,10.0,,1.0,1.0,0.0,0.0,0.0,1740.0,60.0,0.0,0.0
22.0,2.0,194723.0,0.0,13.0,0.0,0.0,3.0,0.0,1.0,0.0,0.0,10.0,0.0,0.0
44.0,2.0,120277.0,0.0,13.0,1.0,3.0,1.0,0.0,0.0,15024.0,0.0,50.0,25.0,1.0
38.0,2.0,242080.0,5.0,10.0,1.0,5.0,,,0.0,0.0,0.0,55.0,0.0,
37.0,,210438.0,2.0,,0.0,2.0,0.0,1.0,0.0,0.0,,40.0,0.0,0.0
35.0,,32126.0,0.0,13.0,0.0,3.0,0.0,0.0,1.0,,0.0,40.0,0.0,0.0
26.0,2.0,51961.0,14.0,8.0,0.0,5.0,5.0,1.0,0.0,0.0,0.0,51.0,0.0,0.0
37.0,,,0.0,13.0,,3.0,2.0,0.0,1.0,0.0,0.0,30.0,,1.0
26.0,3.0,,3.0,14.0,0.0,,0.0,,0.0,0.0,0.0,40.0,0.0,0.0
27.0,2.0,69757.0,5.0,,0.0,0.0,,0.0,1.0,0.0,0.0,60.0,0.0,0.0
21.0,2.0,157893.0,1.0,9.0,0.0,6.0,,0.0,1.0,0.0,0.0,40.0,0.0,0.0
,2.0,42750.0,5.0,10.0,0.0,2.0,0.0,0.0,0.0,0.0,0.0,55.0,0.0,0.0
48.0,2.0,210424.0,1.0,9.0,4.0,0.0,4.0,0.0,1.0,914.0,0.0,40.0,0.0,0.0
30.0,2.0,159589.0,0.0,13.0,1.0,3.0,1.0,0.0,0.0,7688.0,0.0,50.0,0.0,1.0
48.0,,148995.0,3.0,14.0,1.0,,1.0,0.0,0.0,0.0,0.0,55.0,0.0,1.0
34.0,1.0,137223.0,12.0,6.0,0.0,4.0,,0.0,1.0,0.0,0.0,40.0,0.0,0.0
58.0,5.0,182062.0,8.0,16.0,1.0,3.0,1.0,0.0,0.0,0.0,0.0,24.0,0.0,1.0
48.0,2.0,143542.0,1.0,9.0,,,0.0,0.0,0.0,0.0,0.0,40.0,0.0,0.0
55.0,0.0,169482.0,,9.0,1.0,7.0,1.0,0.0,0.0,0.0,0.0,40.0,,
53.0,2.0,228500.0,1.0,9.0,1.0,8.0,1.0,0.0,0.0,0.0,0.0,,0.0,1.0
46.0,4.0,200947.0,,13.0,1.0,11.0,1.0,0.0,0.0,0.0,0.0,40.0,0.0,1.0
42.0,0.0,211915.0,5.0,10.0,4.0,9.0,4.0,0.0,1.0,0.0,0.0,40.0,,0.0
59.0,,236426.0,6.0,12.0,2.0,,0.0,0.0,1.0,0.0,0.0,50.0,0.0,0.0
42.0,2.0,183205.0,1.0,9.0,2.0,1.0,4.0,0.0,1.0,0.0,0.0,45.0,0.0,0.0
59.0,0.0,303176.0,5.0,10.0,1.0,1.0,1.0,,,0.0,2179.0,40.0,0.0,0.0
27.0,5.0,,0.0,13.0,,1.0,1.0,0.0,0.0,0.0,1887.0,45.0,0.0,1.0
37.0,1.0,154410.0,3.0,14.0,0.0,,0.0,0.0,0.0,0.0,0.0,40.0,0.0,0.0
22.0,2.0,207940.0,5.0,10.0,0.0,2.0,3.0,0.0,,0.0,0.0,36.0,0.0,0.0
69.0,4.0,,1.0,9.0,1.0,10.0,1.0,0.0,0.0,1424.0,0.0,6.0,0.0,0.0
,4.0,272780.0,5.0,10.0,1.0,3.0,1.0,0.0,,0.0,0.0,24.0,0.0,0.0
43.0,0.0,30824.0,5.0,10.0,2.0,0.0,0.0,0.0,1.0,0.0,0.0,40.0,0.0,0.0
37.0,2.0,203070.0,5.0,10.0,4.0,0.0,3.0,0.0,0.0,0.0,0.0,62.0,0.0,0.0
,2.0,44738.0,1.0,9.0,0.0,2.0,,0.0,0.0,0.0,0.0,40.0,0.0,0.0
42.0,2.0,178537.0,1.0,9.0,0.0,4.0,0.0,0.0,1.0,0.0,0.0,24.0,0.0,0.0
47.0,2.0,,,9.0,6.0,13.0,,2.0,1.0,0.0,0.0,45.0,15.0,0.0
,,139193.0,1.0,,2.0,8.0,0.0,0.0,0.0,,1980.0,48.0,0.0,0.0
53.0,,196278.0,5.0,10.0,6.0,5.0,,0.0,1.0,0.0,0.0,40.0,0.0,0.0
23.0,2.0,103064.0,0.0,13.0,0.0,9.0,0.0,0.0,1.0,0.0,0.0,40.0,0.0,0.0
53.0,,127117.0,1.0,9.0,1.0,8.0,1.0,0.0,0.0,0.0,,40.0,0.0,0.0
18.0,2.0,266489.0,5.0,10.0,0.0,1.0,0.0,0.0,0.0,0.0,0.0,50.0,,0.0
44.0,2.0,,0.0,13.0,1.0,5.0,1.0,0.0,0.0,0.0,,40.0,0.0,1.0
45.0,3.0,170915.0,1.0,9.0,,9.0,0.0,0.0,,4865.0,0.0,40.0,0.0,0.0
53.0,2.0,,3.0,14.0,2.0,3.0,4.0,,1.0,0.0,1876.0,38.0,0.0,0.0
40.0,2.0,178983.0,1.0,9.0,1.0,0.0,2.0,0.0,,0.0,0.0,,0.0,1.0
63.0,1.0,174181.0,0.0,13.0,1.0,3.0,1.0,0.0,0.0,0.0,0.0,20.0,0.0,0.0
29.0,2.0,259226.0,2.0,7.0,0.0,8.0,3.0,0.0,0.0,0.0,0.0,48.0,0.0,0.0
48.0,0.0,,1.0,9.0,1.0,11.0,,0.0,,0.0,0.0,72.0,,1.0
42.0,4.0,143046.0,1.0,9.0,6.0,6.0,4.0,0.0,1.0,0.0,0.0,40.0,0.0,0.0
53.0,1.0,137547.0,10.0,15.0,0.0,3.0,0.0,2.0,0.0,27828.0,0.0,40.0,11.0,1.0
57.0,2.0,262642.0,1.0,9.0,0.0,0.0,5.0,0.0,1.0,0.0,0.0,40.0,0.0,0.0
19.0,2.0,121788.0,5.0,10.0,0.0,5.0,0.0,,1.0,0.0,0.0,30.0,0.0,0.0
24.0,2.0,,5.0,10.0,0.0,2.0,0.0,,0.0,0.0,0.0,40.0,0.0,0.0
53.0,3.0,155594.0,0.0,13.0,1.0,3.0,,0.0,0.0,0.0,0.0,40.0,0.0,1.0
18.0,2.0,436163.0,2.0,7.0,0.0,3.0,3.0,0.0,0.0,0.0,,,0.0,0.0
58.0,2.0,111625.0,0.0,13.0,,1.0,4.0,0.0,0.0,8614.0,,40.0,0.0,1.0
25.0,2.0,264055.0,0.0,,0.0,0.0,3.0,,0.0,0.0,0.0,,0.0,0.0
42.0,2.0,306496.0,1.0,9.0,1.0,4.0,,0.0,0.0,0.0,0.0,40.0,0.0,0.0
42.0,2.0,195096.0,1.0,9.0,1.0,5.0,1.0,,0.0,4064.0,0.0,40.0,0.0,0.0
24.0,1.0,,0.0,13.0,0.0,7.0,4.0,,0.0,0.0,0.0,50.0,0.0,0.0
44.0,2.0,43711.0,6.0,12.0,1.0,5.0,,0.0,,7688.0,,40.0,0.0,
,2.0,198258.0,9.0,11.0,,5.0,1.0,0.0,0.0,0.0,0.0,40.0,0.0,0.0
50.0,1.0,64667.0,1.0,9.0,2.0,3.0,0.0,2.0,1.0,0.0,0.0,60.0,36.0,0.0
23.0,2.0,636017.0,,10.0,0.0,4.0,3.0,1.0,,0.0,0.0,40.0,0.0,0.0
32.0,2.0,177792.0,0.0,13.0,2.0,1.0,0.0,0.0,1.0,,0.0,48.0,0.0,1.0
49.0,2.0,23074.0,5.0,10.0,6.0,1.0,0.0,0.0,,,0.0,40.0,0.0,
61.0,2.0,159046.0,7.0,4.0,1.0,,1.0,0.0,0.0,0.0,0.0,40.0,,0.0
42.0,2.0,117319.0,,9.0,1.0,10.0,1.0,0.0,0.0,0.0,1672.0,40.0,0.0,0.0
,2.0,43937.0,5.0,10.0,0.0,4.0,5.0,0.0,,0.0,0.0,20.0,0.0,0.0
30.0,1.0,278522.0,2.0,7.0,0.0,7.0,3.0,1.0,0.0,0.0,0.0,40.0,0.0,0.0
45.0,2.0,102147.0,,9.0,1.0,10.0,1.0,0.0,0.0,0.0,0.0,,0.0,0.0
18.0,2.0,219841.0,2.0,7.0,,2.0,,0.0,0.0,0.0,0.0,12.0,0.0,
26.0,2.0,433906.0,6.0,,,4.0,0.0,0.0,0.0,0.0,0.0,40.0,0.0,0.0
35.0,1.0,,0.0,13.0,,,1.0,0.0,,0.0,0.0,45.0,0.0,0.0
45.0,2.0,319637.0,1.0,9.0,2.0,4.0,4.0,,1.0,0.0,0.0,40.0,,0.0
24.0,2.0,267843.0,0.0,13.0,0.0,3.0,3.0,1.0,1.0,0.0,0.0,35.0,0.0,0.0
31.0,2.0,66815.0,1.0,9.0,1.0,,1.0,0.0,0.0,0.0,0.0,50.0,0.0,0.0
22.0,2.0,188274.0,6.0,12.0,0.0,2.0,3.0,0.0,0.0,0.0,0.0,40.0,0.0,0.0
81.0,1.0,193237.0,15.0,2.0,6.0,5.0,5.0,0.0,0.0,0.0,0.0,45.0,4.0,0.0
,2.0,205708.0,5.0,10.0,1.0,10.0,1.0,0.0,0.0,0.0,0.0,40.0,12.0,0.0
22.0,2.0,129508.0,1.0,9.0,0.0,0.0,3.0,0.0,1.0,0.0,0.0,28.0,0.0,0.0
24.0,2.0,180060.0,6.0,12.0,0.0,10.0,0.0,0.0,0.0,2354.0,0.0,,0.0,0.0
24.0,2.0,126613.0,0.0,13.0,,3.0,3.0,0.0,1.0,0.0,0.0,8.0,0.0,0.0
37.0,,181705.0,9.0,11.0,1.0,10.0,1.0,0.0,0.0,0.0,0.0,40.0,0.0,0.0
54.0,,152652.0,1.0,9.0,1.0,,1.0,0.0,0.0,0.0,0.0,65.0,0.0,0.0
57.0,4.0,110417.0,1.0,9.0,1.0,10.0,1.0,0.0,0.0,99999.0,0.0,40.0,,1.0
,2.0,,1.0,9.0,,6.0,0.0,0.0,0.0,0.0,0.0,50.0,0.0,0.0
53.0,,192982.0,3.0,14.0,1.0,0.0,1.0,0.0,0.0,,0.0,38.0,0.0,1.0
47.0,2.0,95680.0,5.0,10.0,1.0,1.0,1.0,2.0,0.0,,0.0,40.0,0.0,0.0
60.0,2.0,,1.0,9.0,1.0,6.0,1.0,0.0,0.0,0.0,0.0,40.0,0.0,0.0
48.0,2.0,25468.0,3.0,14.0,2.0,1.0,,0.0,,99999.0,0.0,50.0,0.0,1.0
50.0,,107265.0,,,1.0,6.0,1.0,0.0,,0.0,0.0,50.0,0.0,
,5.0,148577.0,1.0,,1.0,5.0,1.0,0.0,0.0,0.0,0.0,55.0,0.0,1.0
19.0,2.0,321817.0,,7.0,0.0,4.0,3.0,0.0,1.0,0.0,0.0,40.0,0.0,0.0
34.0,,,,9.0,0.0,3.0,4.0,1.0,1.0,0.0,0.0,,0.0,0.0
46.0,2.0,267107.0,11.0,,1.0,10.0,2.0,0.0,1.0,0.0,0.0,45.0,25.0,0.0
29.0,1.0,69132.0,10.0,15.0,2.0,3.0,0.0,0.0,0.0,99999.0,0.0,60.0,0.0,
,2.0,112763.0,10.0,15.0,1.0,3.0,2.0,,1.0,0.0,0.0,40.0,0.0,1.0
46.0,2.0,106255.0,5.0,10.0,1.0,10.0,1.0,0.0,0.0,,,40.0,0.0,0.0
36.0,2.0,49837.0,5.0,,2.0,3.0,0.0,0.0,1.0,0.0,0.0,40.0,0.0,
28.0,,119793.0,0.0,13.0,0.0,5.0,0.0,,0.0,0.0,,40.0,0.0,0.0
51.0,4.0,199688.0,0.0,13.0,,11.0,1.0,0.0,0.0,0.0,0.0,40.0,0.0,1.0
59.0,2.0,38573.0,5.0,,1.0,,1.0,0.0,,0.0,,40.0,,1.0
31.0,2.0,265706.0,1.0,9.0,1.0,10.0,1.0,0.0,,7298.0,,40.0,0.0,1.0
20.0,2.0,172232.0,1.0,9.0,0.0,0.0,3.0,0.0,,0.0,0.0,48.0,0.0,0.0
33.0,,355856.0,6.0,12.0,1.0,5.0,1.0,2.0,0.0,0.0,0.0,60.0,,0.0
42.0,2.0,211253.0,0.0,13.0,2.0,1.0,4.0,0.0,1.0,0.0,0.0,40.0,0.0,0.0
51.0,5.0,,1.0,9.0,2.0,1.0,0.0,0.0,,14084.0,0.0,40.0,0.0,1.0
43.0,2.0,152420.0,,10.0,1.0,8.0,,1.0,0.0,,0.0,50.0,0.0,0.0
47.0,2.0,,1.0,9.0,2.0,0.0,4.0,0.0,1.0,0.0,,,0.0,0.0
27.0,2.0,181280.0,3.0,,0.0,2.0,4.0,0.0,0.0,0.0,0.0,30.0,0.0,0.0
32.0,2.0,209691.0,0.0,13.0,1.0,5.0,1.0,0.0,0.0,0.0,0.0,42.0,0.0,1.0
34.0,2.0,157446.0,1.0,9.0,2.0,10.0,4.0,0.0,0.0,0.0,0.0,45.0,0.0,0.0
23.0,2.0,269687.0,9.0,11.0,0.0,9.0,0.0,0.0,0.0,0.0,,,0.0,
50.0,,33304.0,1.0,9.0,1.0,10.0,1.0,0.0,0.0,0.0,0.0,40.0,0.0,1.0
53.0,4.0,135102.0,1.0,9.0,1.0,4.0,1.0,0.0,0.0,0.0,2002.0,45.0,0.0,0.0
39.0,2.0,119098.0,9.0,11.0,1.0,1.0,1.0,0.0,0.0,0.0,,40.0,0.0,0.0
51.0,2.0,183611.0,6.0,12.0,2.0,1.0,4.0,0.0,,0.0,0.0,55.0,9.0,0.0
40.0,2.0,167265.0,3.0,14.0,2.0,3.0,0.0,0.0,0.0,0.0,0.0,43.0,0.0,
57.0,2.0,317847.0,3.0,14.0,2.0,1.0,0.0,0.0,0.0,0.0,2824.0,50.0,0.0,1.0
54.0,0.0,166774.0,3.0,14.0,0.0,,0.0,0.0,1.0,0.0,,45.0,0.0,1.0
66.0,0.0,132055.0,,9.0,1.0,1.0,1.0,0.0,0.0,,1825.0,40.0,0.0,1.0
,2.0,233130.0,5.0,10.0,,0.0,0.0,0.0,0.0,0.0,,25.0,0.0,0.0
59.0,2.0,195820.0,1.0,9.0,1.0,6.0,1.0,0.0,0.0,0.0,0.0,,0.0,1.0
40.0,1.0,167081.0,3.0,14.0,1.0,5.0,1.0,0.0,0.0,3103.0,,,0.0,
,2.0,451744.0,1.0,9.0,0.0,10.0,0.0,0.0,0.0,,,50.0,0.0,0.0
34.0,2.0,186269.0,1.0,9.0,2.0,0.0,3.0,,0.0,0.0,,40.0,0.0,0.0
26.0,2.0,190027.0,,6.0,2.0,2.0,0.0,0.0,1.0,0.0,0.0,30.0,0.0,0.0
32.0,5.0,,1.0,9.0,1.0,7.0,1.0,0.0,0.0,,1902.0,55.0,0.0,1.0
21.0,2.0,411068.0,5.0,10.0,,0.0,3.0,0.0,1.0,0.0,,35.0,0.0,0.0
38.0,2.0,215646.0,1.0,,2.0,2.0,0.0,0.0,0.0,,0.0,,,0.0
36.0,2.0,128382.0,5.0,10.0,0.0,8.0,4.0,,0.0,0.0,0.0,45.0,0.0,0.0
60.0,2.0,52152.0,3.0,,0.0,3.0,0.0,0.0,0.0,0.0,0.0,50.0,,0.0
62.0,2.0,223975.0,,4.0,1.0,3.0,1.0,0.0,0.0,0.0,,20.0,0.0,0.0
50.0,1.0,198581.0,10.0,15.0,1.0,3.0,1.0,0.0,0.0,0.0,0.0,50.0,0.0,1.0
38.0,2.0,,1.0,9.0,1.0,6.0,1.0,0.0,0.0,0.0,,40.0,0.0,0.0
,2.0,97176.0,5.0,10.0,2.0,1.0,4.0,0.0,,0.0,,,0.0,
,4.0,,,10.0,1.0,0.0,2.0,1.0,1.0,0.0,0.0,40.0,0.0,0.0
30.0,,174704.0,2.0,7.0,1.0,8.0,,1.0,0.0,0.0,0.0,40.0,0.0,0.0
37.0,2.0,632613.0,12.0,6.0,1.0,7.0,,0.0,0.0,0.0,0.0,35.0,4.0,0.0
,3.0,224277.0,5.0,10.0,6.0,11.0,0.0,0.0,1.0,0.0,0.0,40.0,0.0,0.0
60.0,0.0,114060.0,5.0,10.0,1.0,11.0,1.0,,0.0,0.0,0.0,40.0,0.0,0.0
36.0,2.0,207789.0,1.0,9.0,2.0,1.0,0.0,0.0,0.0,0.0,0.0,52.0,0.0,0.0
22.0,1.0,108506.0,9.0,11.0,0.0,7.0,0.0,3.0,0.0,0.0,0.0,,0.0,0.0
,2.0,234755.0,,9.0,4.0,10.0,4.0,1.0,,0.0,0.0,40.0,0.0,0.0
35.0,2.0,119272.0,0.0,13.0,1.0,1.0,,0.0,0.0,0.0,0.0,55.0,0.0,1.0
43.0,2.0,184018.0,6.0,12.0,,3.0,1.0,0.0,0.0,0.0,0.0,50.0,0.0,0.0
41.0,2.0,125461.0,5.0,10.0,2.0,10.0,0.0,,,0.0,,40.0,,1.0
44.0,2.0,106900.0,3.0,14.0,1.0,,1.0,0.0,,0.0,,44.0,0.0,1.0
44.0,,379919.0,6.0,12.0,,7.0,1.0,0.0,0.0,0.0,0.0,60.0,0.0,1.0
46.0,3.0,,0.0,13.0,2.0,,4.0,0.0,1.0,0.0,0.0,50.0,0.0,1.0
48.0,4.0,242923.0,1.0,9.0,1.0,9.0,2.0,,1.0,,1848.0,40.0,0.0,1.0
,2.0,178983.0,,9.0,1.0,0.0,2.0,0.0,1.0,0.0,0.0,40.0,0.0,0.0
67.0,2.0,150516.0,7.0,4.0,1.0,10.0,1.0,0.0,0.0,0.0,,24.0,0.0,0.0
32.0,4.0,223267.0,1.0,9.0,1.0,6.0,1.0,0.0,0.0,0.0,0.0,40.0,0.0,0.0
21.0,2.0,154835.0,,10.0,0.0,0.0,3.0,2.0,1.0,0.0,,40.0,36.0,0.0
26.0,3.0,,9.0,11.0,0.0,10.0,3.0,0.0,0.0,,0.0,50.0,28.0,0.0
33.0,2.0,119033.0,4.0,5.0,1.0,2.0,1.0,0.0,0.0,0.0,0.0,40.0,0.0,0.0
47.0,0.0,118447.0,0.0,13.0,1.0,3.0,,,0.0,0.0,0.0,60.0,0.0,1.0
40.0,,175696.0,5.0,10.0,1.0,1.0,1.0,0.0,0.0,,0.0,45.0,0.0,1.0
,2.0,407068.0,11.0,3.0,1.0,4.0,1.0,0.0,0.0,0.0,0.0,75.0,4.0,0.0
28.0,2.0,394927.0,5.0,10.0,1.0,9.0,1.0,0.0,0.0,0.0,,40.0,,1.0
27.0,2.0,165519.0,,9.0,1.0,10.0,1.0,0.0,0.0,0.0,0.0,40.0,0.0,0.0
39.0,2.0,347814.0,6.0,12.0,,4.0,3.0,,1.0,0.0,0.0,56.0,0.0,0.0
39.0,,421633.0,5.0,10.0,2.0,11.0,4.0,1.0,1.0,0.0,0.0,,0.0,0.0
39.0,4.0,149833.0,0.0,13.0,2.0,3.0,4.0,0.0,1.0,0.0,,40.0,0.0,0.0
59.0,2.0,159048.0,1.0,9.0,2.0,4.0,0.0,0.0,1.0,0.0,0.0,,0.0,0.0
47.0,2.0,115070.0,5.0,10.0,0.0,0.0,0.0,0.0,1.0,0.0,0.0,40.0,0.0,0.0
,2.0,105376.0,5.0,10.0,0.0,9.0,5.0,0.0,0.0,0.0,0.0,40.0,0.0,0.0
48.0,5.0,287647.0,8.0,16.0,1.0,3.0,1.0,0.0,0.0,7688.0,0.0,55.0,0.0,1.0
23.0,2.0,109952.0,5.0,10.0,,10.0,1.0,0.0,0.0,0.0,0.0,60.0,0.0,0.0
24.0,2.0,172612.0,1.0,9.0,,10.0,1.0,0.0,0.0,0.0,0.0,40.0,0.0,0.0
71.0,2.0,124959.0,1.0,,6.0,0.0,0.0,0.0,1.0,0.0,0.0,40.0,0.0,0.0
35.0,2.0,140564.0,0.0,13.0,1.0,5.0,1.0,0.0,,0.0,0.0,40.0,0.0,1.0
47.0,2.0,93557.0,1.0,,1.0,7.0,1.0,0.0,0.0,0.0,,40.0,0.0,
31.0,2.0,227886.0,5.0,10.0,0.0,0.0,4.0,1.0,1.0,0.0,0.0,35.0,0.0,0.0
42.0,2.0,184823.0,5.0,10.0,0.0,0.0,3.0,0.0,1.0,0.0,0.0,40.0,0.0,0.0
23.0,2.0,162945.0,1.0,9.0,1.0,5.0,1.0,0.0,,0.0,2377.0,40.0,0.0,0.0
25.0,2.0,,,2.0,,13.0,0.0,0.0,1.0,0.0,,40.0,24.0,0.0
62.0,2.0,178745.0,1.0,9.0,1.0,10.0,1.0,0.0,0.0,0.0,0.0,45.0,0.0,1.0
56.0,1.0,,2.0,,1.0,,1.0,0.0,0.0,0.0,0.0,40.0,0.0,0.0
17.0,2.0,321880.0,12.0,6.0,0.0,4.0,3.0,1.0,0.0,0.0,0.0,15.0,0.0,0.0
60.0,,185836.0,,15.0,1.0,1.0,1.0,0.0,0.0,0.0,0.0,40.0,0.0,1.0
,2.0,,0.0,13.0,1.0,3.0,1.0,0.0,,0.0,0.0,40.0,0.0,1.0
,2.0,102412.0,1.0,9.0,2.0,5.0,0.0,0.0,1.0,0.0,0.0,40.0,0.0,
33.0,2.0,55699.0,1.0,,1.0,6.0,,0.0,0.0,3908.0,0.0,,0.0,0.0
19.0,2.0,311974.0,,2.0,0.0,8.0,5.0,0.0,0.0,0.0,0.0,40.0,4.0,0.0
26.0,2.0,247006.0,1.0,9.0,,1.0,1.0,0.0,0.0,0.0,0.0,,0.0,0.0
23.0,2.0,193089.0,2.0,,0.0,10.0,3.0,0.0,0.0,0.0,0.0,40.0,0.0,0.0
29.0,2.0,79481.0,5.0,10.0,0.0,9.0,0.0,0.0,,0.0,0.0,40.0,0.0,0.0
51.0,2.0,161838.0,9.0,11.0,1.0,10.0,1.0,0.0,0.0,0.0,0.0,57.0,0.0,0.0
26.0,2.0,53209.0,1.0,9.0,0.0,4.0,3.0,0.0,0.0,0.0,0.0,40.0,0.0,
30.0,2.0,205204.0,1.0,9.0,0.0,0.0,3.0,0.0,,0.0,0.0,40.0,0.0,0.0
55.0,,199067.0,0.0,13.0,1.0,1.0,1.0,0.0,0.0,15024.0,0.0,,0.0,1.0
35.0,2.0,217605.0,,9.0,1.0,2.0,2.0,0.0,1.0,0.0,0.0,40.0,0.0,0.0
34.0,4.0,136331.0,0.0,13.0,1.0,3.0,1.0,0.0,0.0,0.0,0.0,60.0,0.0,0.0
49.0,2.0,155489.0,3.0,14.0,1.0,3.0,1.0,0.0,,0.0,0.0,50.0,0.0,1.0
33.0,4.0,422718.0,,9.0,1.0,,1.0,0.0,0.0,0.0,0.0,40.0,0.0,
39.0,0.0,,1.0,9.0,0.0,4.0,,1.0,0.0,0.0,0.0,40.0,0.0,0.0
50.0,2.0,112873.0,0.0,13.0,1.0,5.0,1.0,0.0,,0.0,0.0,40.0,0.0,0.0
31.0,2.0,379798.0,5.0,10.0,1.0,,1.0,0.0,0.0,0.0,0.0,40.0,0.0,1.0
29.0,2.0,38353.0,,9.0,1.0,10.0,1.0,0.0,0.0,0.0,0.0,45.0,0.0,0.0
20.0,2.0,142673.0,5.0,10.0,0.0,0.0,0.0,0.0,1.0,0.0,0.0,45.0,0.0,0.0
,2.0,115215.0,1.0,9.0,0.0,,3.0,0.0,0.0,0.0,0.0,40.0,0.0,0.0
23.0,4.0,210781.0,0.0,13.0,0.0,3.0,3.0,0.0,1.0,0.0,0.0,15.0,0.0,0.0
21.0,2.0,254904.0,1.0,9.0,0.0,10.0,0.0,0.0,1.0,0.0,0.0,30.0,0.0,0.0
42.0,2.0,152568.0,1.0,9.0,6.0,5.0,4.0,3.0,1.0,0.0,0.0,40.0,0.0,0.0
23.0,2.0,37783.0,5.0,10.0,0.0,5.0,3.0,0.0,1.0,0.0,,40.0,0.0,0.0
40.0,2.0,199303.0,1.0,9.0,1.0,10.0,1.0,0.0,0.0,0.0,,40.0,0.0,0.0
61.0,2.0,226297.0,0.0,13.0,1.0,1.0,1.0,0.0,0.0,0.0,0.0,40.0,0.0,0.0
,1.0,160786.0,,9.0,,1.0,,0.0,0.0,0.0,0.0,55.0,0.0,0.0
56.0,2.0,188856.0,0.0,13.0,0.0,1.0,0.0,0.0,1.0,8614.0,0.0,55.0,0.0,1.0
33.0,,281784.0,0.0,13.0,0.0,9.0,0.0,1.0,0.0,0.0,1564.0,52.0,0.0,1.0
37.0,2.0,34180.0,1.0,9.0,1.0,,1.0,0.0,0.0,0.0,0.0,40.0,0.0,0.0
,2.0,303510.0,,9.0,1.0,1.0,1.0,0.0,0.0,0.0,,40.0,0.0,0.0
,2.0,243841.0,1.0,9.0,2.0,4.0,5.0,2.0,,0.0,0.0,40.0,27.0,0.0
,2.0,226396.0,1.0,9.0,1.0,4.0,2.0,0.0,1.0,0.0,0.0,30.0,0.0,
,2.0,185413.0,0.0,13.0,1.0,1.0,1.0,0.0,0.0,0.0,0.0,40.0,0.0,0.0
58.0,2.0,33350.0,1.0,9.0,2.0,4.0,4.0,0.0,1.0,0.0,0.0,,0.0,0.0
19.0,2.0,100009.0,1.0,9.0,0.0,10.0,0.0,,,0.0,0.0,40.0,0.0,0.0
53.0,,180439.0,0.0,13.0,1.0,10.0,1.0,,0.0,0.0,0.0,40.0,0.0,
28.0,2.0,46868.0,3.0,14.0,0.0,9.0,0.0,0.0,1.0,0.0,0.0,40.0,0.0,0.0
40.0,3.0,189610.0,1.0,9.0,2.0,0.0,0.0,1.0,1.0,0.0,0.0,52.0,0.0,0.0
47.0,2.0,45857.0,1.0,,0.0,0.0,4.0,0.0,1.0,0.0,0.0,40.0,0.0,0.0
62.0,2.0,199193.0,1.0,9.0,1.0,2.0,1.0,0.0,0.0,0.0,0.0,25.0,0.0,0.0
41.0,2.0,144947.0,0.0,13.0,2.0,1.0,4.0,1.0,,0.0,0.0,40.0,0.0,0.0
47.0,2.0,102583.0,1.0,9.0,1.0,5.0,1.0,0.0,0.0,0.0,0.0,30.0,,1.0
20.0,2.0,86143.0,5.0,10.0,0.0,4.0,,2.0,0.0,0.0,0.0,30.0,0.0,0.0
38.0,2.0,172538.0,0.0,13.0,1.0,1.0,1.0,0.0,0.0,15024.0,,50.0,,
,2.0,239390.0,,13.0,0.0,5.0,,0.0,0.0,,0.0,18.0,0.0,0.0
46.0,2.0,319163.0,1.0,,1.0,,1.0,1.0,0.0,0.0,0.0,40.0,0.0,0.0
40.0,,223277.0,0.0,13.0,1.0,0.0,1.0,0.0,0.0,0.0,0.0,50.0,0.0,1.0
38.0,2.0,107302.0,1.0,9.0,,1.0,1.0,0.0,0.0,0.0,0.0,50.0,0.0,0.0
47.0,2.0,133969.0,0.0,13.0,1.0,1.0,1.0,2.0,0.0,2885.0,0.0,65.0,28.0,0.0
,2.0,35378.0,,10.0,2.0,0.0,,0.0,1.0,0.0,0.0,45.0,0.0,0.0
,1.0,144002.0,0.0,13.0,1.0,1.0,,0.0,0.0,0.0,0.0,60.0,0.0,1.0
46.0,3.0,161337.0,,10.0,2.0,9.0,0.0,0.0,,0.0,0.0,40.0,0.0,0.0
23.0,,170091.0,5.0,10.0,0.0,3.0,3.0,0.0,1.0,0.0,,6.0,0.0,0.0
40.0,,150755.0,0.0,13.0,1.0,3.0,1.0,0.0,,99999.0,0.0,75.0,0.0,1.0
23.0,2.0,184589.0,0.0,13.0,0.0,,,0.0,1.0,0.0,0.0,21.0,,
25.0,,308144.0,0.0,13.0,0.0,10.0,0.0,0.0,0.0,0.0,0.0,40.0,4.0,0.0
30.0,2.0,374454.0,1.0,9.0,2.0,,3.0,1.0,0.0,0.0,0.0,40.0,0.0,0.0
41.0,1.0,169023.0,0.0,13.0,1.0,0.0,2.0,0.0,1.0,7688.0,0.0,40.0,,
21.0,2.0,,1.0,9.0,1.0,8.0,,0.0,0.0,0.0,0.0,40.0,0.0,0.0
34.0,2.0,,10.0,,0.0,1.0,3.0,0.0,0.0,0.0,0.0,50.0,0.0,0.0
17.0,2.0,93235.0,14.0,8.0,,4.0,3.0,0.0,1.0,0.0,1721.0,25.0,0.0,0.0
,2.0,94880.0,5.0,10.0,0.0,10.0,0.0,,0.0,0.0,0.0,43.0,4.0,0.0
41.0,0.0,27305.0,3.0,,1.0,3.0,1.0,0.0,0.0,0.0,,,0.0,1.0
47.0,2.0,145886.0,,10.0,2.0,,4.0,0.0,1.0,0.0,0.0,40.0,0.0,0.0
40.0,2.0,75363.0,5.0,10.0,4.0,1.0,4.0,0.0,1.0,0.0,,40.0,0.0,0.0
50.0,4.0,191025.0,3.0,14.0,2.0,1.0,,0.0,,4650.0,0.0,70.0,0.0,0.0
22.0,2.0,351952.0,5.0,,0.0,3.0,4.0,0.0,1.0,0.0,0.0,20.0,0.0,0.0
28.0,2.0,67386.0,,9.0,0.0,4.0,4.0,0.0,1.0,0.0,0.0,40.0,0.0,
40.0,2.0,222011.0,3.0,14.0,0.0,3.0,0.0,0.0,,3325.0,0.0,40.0,0.0,0.0
24.0,2.0,194748.0,1.0,9.0,0.0,6.0,0.0,0.0,1.0,0.0,,49.0,0.0,0.0
,5.0,149726.0,1.0,9.0,1.0,10.0,1.0,0.0,0.0,0.0,0.0,50.0,0.0,0.0
30.0,2.0,196342.0,3.0,14.0,0.0,,0.0,0.0,,0.0,0.0,40.0,38.0,0.0
27.0,2.0,44767.0,1.0,9.0,1.0,7.0,1.0,0.0,0.0,0.0,0.0,40.0,0.0,0.0
33.0,2.0,280923.0,7.0,4.0,1.0,2.0,1.0,0.0,0.0,0.0,0.0,40.0,4.0,0.0
49.0,,186982.0,5.0,10.0,4.0,1.0,0.0,0.0,1.0,0.0,0.0,45.0,,
29.0,2.0,162551.0,3.0,14.0,1.0,3.0,2.0,2.0,1.0,0.0,0.0,40.0,37.0,1.0
33.0,2.0,169973.0,9.0,11.0,4.0,11.0,0.0,0.0,1.0,0.0,,40.0,0.0,0.0
46.0,2.0,423222.0,0.0,13.0,1.0,1.0,1.0,0.0,0.0,,0.0,40.0,0.0,1.0
48.0,2.0,169324.0,1.0,,,4.0,4.0,1.0,1.0,0.0,0.0,32.0,19.0,0.0
45.0,3.0,311671.0,9.0,11.0,1.0,11.0,,0.0,0.0,3908.0,0.0,40.0,0.0,0.0
26.0,2.0,262617.0,1.0,9.0,1.0,10.0,1.0,0.0,0.0,0.0,0.0,48.0,0.0,0.0
43.0,2.0,76487.0,2.0,7.0,1.0,10.0,1.0,0.0,0.0,0.0,,40.0,0.0,
42.0,2.0,208875.0,,10.0,1.0,1.0,,0.0,1.0,0.0,0.0,40.0,22.0,1.0
35.0,5.0,289430.0,3.0,14.0,1.0,5.0,1.0,0.0,0.0,0.0,0.0,45.0,4.0,1.0
50.0,2.0,118058.0,5.0,10.0,1.0,6.0,1.0,0.0,0.0,0.0,0.0,50.0,0.0,0.0
47.0,1.0,185673.0,1.0,9.0,1.0,1.0,1.0,0.0,0.0,0.0,0.0,50.0,0.0,1.0
50.0,1.0,29231.0,1.0,9.0,1.0,1.0,1.0,0.0,0.0,0.0,,45.0,,1.0
26.0,2.0,62438.0,0.0,13.0,1.0,,2.0,0.0,1.0,0.0,0.0,40.0,0.0,1.0
49.0,0.0,216734.0,10.0,15.0,2.0,,0.0,,1.0,0.0,0.0,40.0,0.0,
47.0,2.0,173938.0,0.0,13.0,1.0,1.0,1.0,,0.0,0.0,0.0,57.0,0.0,1.0
43.0,,413297.0,1.0,9.0,1.0,10.0,1.0,0.0,0.0,0.0,0.0,,0.0,0.0
23.0,2.0,121471.0,0.0,13.0,0.0,0.0,0.0,0.0,1.0,0.0,0.0,,0.0,0.0
,2.0,198078.0,,9.0,1.0,6.0,1.0,0.0,0.0,0.0,0.0,40.0,0.0,1.0
51.0,2.0,197656.0,5.0,10.0,1.0,1.0,1.0,0.0,0.0,,0.0,45.0,0.0,1.0
28.0,2.0,204074.0,3.0,14.0,,,1.0,0.0,0.0,0.0,0.0,48.0,0.0,0.0
55.0,2.0,120970.0,12.0,6.0,1.0,10.0,1.0,1.0,0.0,0.0,0.0,40.0,0.0,1.0
48.0,4.0,189762.0,1.0,9.0,1.0,10.0,1.0,0.0,0.0,0.0,0.0,40.0,0.0,1.0
35.0,2.0,413648.0,11.0,3.0,0.0,7.0,4.0,0.0,0.0,0.0,0.0,36.0,0.0,0.0
,2.0,288825.0,,9.0,1.0,2.0,1.0,0.0,0.0,5013.0,0.0,40.0,,
20.0,,,5.0,10.0,0.0,,3.0,0.0,1.0,0.0,0.0,,0.0,0.0
57.0,2.0,121362.0,5.0,10.0,6.0,0.0,4.0,0.0,1.0,0.0,2258.0,38.0,0.0,1.0
49.0,2.0,105431.0,1.0,9.0,2.0,,0.0,1.0,1.0,0.0,0.0,40.0,0.0,0.0
52.0,2.0,117496.0,0.0,,2.0,,4.0,0.0,1.0,0.0,1755.0,40.0,0.0,1.0
28.0,2.0,375313.0,1.0,9.0,1.0,8.0,1.0,2.0,0.0,0.0,0.0,40.0,11.0,0.0
49.0,2.0,104455.0,0.0,13.0,3.0,4.0,0.0,2.0,0.0,0.0,0.0,40.0,11.0,0.0
30.0,,131588.0,1.0,9.0,0.0,10.0,0.0,1.0,1.0,0.0,0.0,45.0,0.0,0.0
36.0,2.0,,0.0,13.0,0.0,3.0,3.0,0.0,0.0,0.0,0.0,50.0,0.0,0.0
19.0,2.0,,5.0,10.0,,4.0,,0.0,1.0,0.0,0.0,20.0,0.0,0.0
,4.0,304386.0,1.0,9.0,0.0,4.0,0.0,0.0,1.0,0.0,0.0,,0.0,0.0
26.0,2.0,157249.0,2.0,7.0,,6.0,0.0,0.0,0.0,0.0,0.0,40.0,0.0,0.0
26.0,2.0,156805.0,5.0,10.0,1.0,8.0,1.0,1.0,0.0,,0.0,40.0,0.0,0.0
65.0,1.0,111483.0,5.0,10.0,1.0,1.0,1.0,0.0,0.0,0.0,2174.0,,0.0,1.0
37.0,2.0,260093.0,1.0,9.0,0.0,0.0,4.0,1.0,1.0,0.0,0.0,40.0,0.0,0.0
19.0,0.0,,5.0,10.0,0.0,3.0,3.0,0.0,0.0,0.0,0.0,25.0,0.0,0.0
29.0,0.0,201556.0,,13.0,0.0,3.0,0.0,0.0,0.0,,0.0,,0.0,0.0
47.0,,152752.0,11.0,3.0,1.0,6.0,,0.0,0.0,0.0,0.0,20.0,0.0,0.0
42.0,2.0,93770.0,1.0,,1.0,8.0,2.0,0.0,1.0,0.0,0.0,40.0,0.0,1.0
42.0,0.0,219553.0,3.0,14.0,2.0,3.0,0.0,0.0,1.0,,0.0,38.0,0.0,0.0
26.0,2.0,293984.0,12.0,,1.0,10.0,3.0,1.0,,0.0,0.0,40.0,0.0,0.0
34.0,2.0,195488.0,,,4.0,,3.0,0.0,1.0,0.0,0.0,40.0,0.0,0.0
58.0,4.0,147428.0,,14.0,1.0,3.0,1.0,0.0,0.0,,0.0,40.0,0.0,1.0
31.0,2.0,,1.0,9.0,0.0,10.0,0.0,3.0,0.0,0.0,,45.0,,0.0
24.0,2.0,182163.0,2.0,7.0,0.0,0.0,0.0,0.0,1.0,0.0,0.0,40.0,9.0,
47.0,2.0,168232.0,0.0,,1.0,0.0,1.0,0.0,0.0,7298.0,0.0,40.0,0.0,1.0
22.0,2.0,216867.0,7.0,4.0,1.0,8.0,1.0,0.0,0.0,0.0,0.0,40.0,4.0,0.0
35.0,2.0,332588.0,1.0,9.0,2.0,4.0,4.0,0.0,1.0,0.0,0.0,,,
50.0,1.0,,8.0,,1.0,3.0,1.0,0.0,0.0,0.0,0.0,23.0,0.0,0.0
41.0,2.0,332703.0,1.0,9.0,2.0,0.0,0.0,4.0,1.0,0.0,625.0,40.0,0.0,0.0
,2.0,34626.0,5.0,10.0,2.0,1.0,,0.0,1.0,0.0,1980.0,40.0,0.0,0.0
29.0,2.0,349154.0,12.0,6.0,4.0,7.0,4.0,0.0,1.0,0.0,,40.0,24.0,0.0
48.0,2.0,94342.0,0.0,13.0,1.0,10.0,1.0,0.0,0.0,0.0,0.0,55.0,0.0,0.0
49.0,2.0,236586.0,1.0,,1.0,0.0,1.0,0.0,0.0,0.0,,,0.0,1.0
23.0,2.0,109199.0,11.0,3.0,,,1.0,0.0,0.0,0.0,0.0,40.0,4.0,0.0
26.0,2.0,152240.0,,10.0,0.0,8.0,,0.0,0.0,0.0,0.0,40.0,0.0,0.0
31.0,4.0,331126.0,0.0,,,11.0,3.0,1.0,0.0,,0.0,48.0,0.0,0.0
44.0,4.0,188808.0,9.0,11.0,1.0,10.0,1.0,0.0,0.0,0.0,0.0,40.0,0.0,
,,184018.0,9.0,11.0,1.0,8.0,1.0,0.0,0.0,0.0,0.0,38.0,0.0,
61.0,2.0,153790.0,1.0,,1.0,0.0,2.0,1.0,1.0,0.0,0.0,40.0,0.0,
39.0,2.0,188069.0,4.0,5.0,1.0,6.0,1.0,0.0,0.0,0.0,0.0,,0.0,0.0
46.0,3.0,,5.0,,1.0,1.0,1.0,1.0,0.0,0.0,0.0,40.0,0.0,0.0
22.0,2.0,204160.0,1.0,9.0,2.0,8.0,3.0,0.0,1.0,0.0,,40.0,,0.0
,2.0,120074.0,1.0,9.0,0.0,6.0,0.0,,0.0,0.0,0.0,40.0,0.0,0.0
49.0,2.0,107425.0,,,0.0,5.0,0.0,0.0,1.0,0.0,0.0,35.0,0.0,
,2.0,,1.0,9.0,0.0,4.0,,0.0,0.0,0.0,0.0,35.0,0.0,0.0
23.0,,,5.0,10.0,0.0,2.0,3.0,3.0,0.0,0.0,0.0,,0.0,0.0
52.0,2.0,172493.0,,9.0,0.0,5.0,0.0,0.0,1.0,0.0,0.0,36.0,0.0,0.0
59.0,2.0,126668.0,9.0,11.0,1.0,3.0,1.0,0.0,,5178.0,0.0,50.0,0.0,1.0
29.0,2.0,35032.0,5.0,10.0,1.0,2.0,1.0,0.0,0.0,0.0,,,0.0,0.0
43.0,1.0,243432.0,1.0,9.0,1.0,10.0,1.0,0.0,0.0,0.0,0.0,,0.0,0.0
41.0,2.0,114157.0,,9.0,2.0,8.0,3.0,0.0,0.0,0.0,0.0,40.0,0.0,0.0
32.0,2.0,180284.0,12.0,6.0,1.0,10.0,1.0,0.0,0.0,0.0,0.0,,,1.0
36.0,2.0,77820.0,,10.0,1.0,10.0,1.0,0.0,0.0,0.0,0.0,40.0,0.0,1.0
31.0,2.0,398988.0,,10.0,,1.0,0.0,0.0,0.0,0.0,,40.0,0.0,0.0
25.0,2.0,218136.0,5.0,10.0,0.0,2.0,0.0,1.0,0.0,0.0,0.0,40.0,31.0,0.0
59.0,2.0,453067.0,5.0,10.0,1.0,3.0,1.0,0.0,0.0,0.0,,36.0,0.0,1.0
28.0,5.0,153291.0,1.0,9.0,0.0,,3.0,0.0,1.0,0.0,0.0,35.0,0.0,0.0
25.0,1.0,463667.0,1.0,9.0,0.0,4.0,0.0,0.0,0.0,0.0,0.0,8.0,0.0,0.0
21.0,,240517.0,5.0,10.0,0.0,8.0,,0.0,1.0,0.0,0.0,70.0,0.0,0.0
,,,1.0,9.0,0.0,6.0,,0.0,0.0,0.0,0.0,40.0,0.0,0.0
36.0,2.0,,5.0,10.0,1.0,10.0,1.0,0.0,0.0,0.0,0.0,56.0,0.0,0.0
28.0,2.0,138692.0,0.0,13.0,1.0,1.0,1.0,0.0,,0.0,0.0,40.0,0.0,1.0
26.0,2.0,190650.0,0.0,13.0,0.0,0.0,3.0,2.0,0.0,0.0,0.0,40.0,18.0,0.0
,2.0,197038.0,0.0,13.0,2.0,3.0,0.0,0.0,,0.0,0.0,50.0,0.0,
25.0,2.0,141876.0,1.0,9.0,3.0,,0.0,0.0,0.0,0.0,0.0,45.0,0.0,0.0
37.0,2.0,134088.0,6.0,12.0,0.0,0.0,0.0,0.0,1.0,0.0,0.0,40.0,0.0,
41.0,2.0,30759.0,7.0,4.0,1.0,1.0,,,0.0,0.0,0.0,60.0,0.0,0.0
59.0,2.0,153484.0,0.0,13.0,1.0,10.0,1.0,0.0,0.0,15024.0,0.0,50.0,0.0,1.0
38.0,2.0,188503.0,,10.0,0.0,0.0,4.0,,1.0,6497.0,0.0,35.0,0.0,0.0
63.0,5.0,215833.0,1.0,9.0,1.0,,1.0,0.0,0.0,0.0,0.0,40.0,0.0,1.0
37.0,2.0,188774.0,0.0,13.0,0.0,1.0,0.0,0.0,0.0,0.0,2824.0,40.0,0.0,
45.0,2.0,233511.0,0.0,13.0,,1.0,1.0,0.0,0.0,0.0,1977.0,60.0,0.0,1.0
58.0,2.0,110844.0,3.0,14.0,6.0,5.0,0.0,0.0,1.0,0.0,0.0,27.0,,0.0
38.0,2.0,,1.0,9.0,0.0,8.0,5.0,0.0,0.0,,0.0,,0.0,
56.0,2.0,132026.0,0.0,13.0,1.0,,1.0,1.0,0.0,7688.0,0.0,45.0,0.0,1.0
,0.0,190044.0,0.0,13.0,1.0,1.0,1.0,0.0,0.0,,0.0,50.0,0.0,1.0
17.0,2.0,153035.0,12.0,,0.0,5.0,3.0,0.0,1.0,0.0,0.0,20.0,0.0,0.0
33.0,4.0,147654.0,9.0,11.0,1.0,3.0,1.0,0.0,0.0,0.0,0.0,60.0,0.0,0.0
39.0,2.0,99065.0,5.0,10.0,2.0,,4.0,0.0,1.0,0.0,0.0,39.0,0.0,0.0
53.0,,,1.0,9.0,,10.0,1.0,0.0,0.0,0.0,,,0.0,1.0
,2.0,173851.0,5.0,10.0,1.0,2.0,1.0,0.0,0.0,,0.0,40.0,0.0,0.0
25.0,2.0,234057.0,1.0,9.0,0.0,10.0,0.0,0.0,,0.0,0.0,40.0,0.0,0.0
,2.0,,5.0,10.0,0.0,0.0,4.0,,1.0,0.0,0.0,40.0,0.0,0.0
40.0,,92717.0,1.0,9.0,0.0,4.0,,1.0,1.0,0.0,0.0,40.0,0.0,0.0
51.0,,192973.0,,13.0,1.0,11.0,1.0,1.0,,0.0,0.0,40.0,0.0,1.0
18.0,2.0,194059.0,14.0,8.0,0.0,0.0,,0.0,0.0,0.0,0.0,,0.0,0.0
45.0,1.0,91044.0,3.0,14.0,2.0,3.0,0.0,0.0,1.0,0.0,,15.0,0.0,0.0
31.0,1.0,119411.0,0.0,13.0,,1.0,,0.0,,0.0,0.0,60.0,0.0,1.0
50.0,2.0,177927.0,1.0,9.0,2.0,11.0,0.0,,0.0,0.0,0.0,40.0,0.0,0.0
52.0,2.0,177858.0,1.0,9.0,2.0,,5.0,0.0,0.0,0.0,0.0,55.0,0.0,1.0
37.0,2.0,217838.0,11.0,3.0,4.0,4.0,4.0,0.0,1.0,0.0,0.0,40.0,4.0,0.0
33.0,2.0,117983.0,12.0,6.0,,4.0,4.0,0.0,1.0,0.0,0.0,,0.0,0.0
32.0,3.0,90653.0,1.0,9.0,0.0,1.0,4.0,0.0,,0.0,1380.0,40.0,0.0,0.0
37.0,4.0,249392.0,,11.0,1.0,11.0,1.0,0.0,0.0,0.0,0.0,40.0,0.0,1.0
30.0,5.0,77689.0,0.0,13.0,,5.0,1.0,0.0,0.0,7688.0,0.0,50.0,0.0,1.0
19.0,2.0,100999.0,,10.0,0.0,4.0,3.0,0.0,,0.0,0.0,20.0,0.0,0.0
56.0,,75785.0,1.0,9.0,,1.0,1.0,0.0,0.0,0.0,0.0,40.0,0.0,1.0
50.0,2.0,217083.0,1.0,9.0,1.0,,2.0,0.0,1.0,0.0,0.0,40.0,0.0,1.0
29.0,,150861.0,1.0,9.0,0.0,0.0,0.0,0.0,1.0,0.0,0.0,40.0,,0.0
,2.0,107882.0,6.0,12.0,0.0,4.0,3.0,0.0,1.0,0.0,0.0,9.0,0.0,0.0
41.0,2.0,,1.0,9.0,1.0,10.0,,0.0,0.0,0.0,0.0,40.0,,1.0
45.0,4.0,,1.0,9.0,1.0,10.0,1.0,1.0,,0.0,0.0,40.0,0.0,1.0
41.0,1.0,44006.0,9.0,11.0,,7.0,0.0,0.0,0.0,0.0,0.0,40.0,0.0,0.0
25.0,2.0,178037.0,5.0,10.0,0.0,0.0,3.0,0.0,0.0,0.0,0.0,,0.0,0.0
40.0,2.0,338740.0,1.0,9.0,1.0,,1.0,0.0,0.0,,0.0,40.0,0.0,
37.0,2.0,328466.0,,9.0,1.0,10.0,1.0,0.0,0.0,0.0,0.0,,4.0,0.0
32.0,2.0,262153.0,1.0,9.0,2.0,10.0,4.0,0.0,0.0,0.0,0.0,35.0,,0.0
39.0,4.0,236391.0,1.0,9.0,1.0,8.0,1.0,0.0,0.0,0.0,0.0,,0.0,1.0
22.0,2.0,,1.0,9.0,0.0,8.0,0.0,0.0,0.0,0.0,0.0,42.0,0.0,0.0
30.0,2.0,341346.0,2.0,7.0,1.0,5.0,1.0,0.0,0.0,0.0,0.0,40.0,0.0,0.0
38.0,,237713.0,0.0,13.0,1.0,1.0,1.0,0.0,0.0,,0.0,60.0,0.0,0.0
31.0,2.0,111363.0,0.0,13.0,0.0,1.0,,0.0,0.0,0.0,0.0,,0.0,
49.0,2.0,87928.0,1.0,9.0,1.0,0.0,1.0,0.0,0.0,,0.0,40.0,0.0,1.0
28.0,2.0,138269.0,,9.0,0.0,,0.0,0.0,0.0,0.0,0.0,40.0,0.0,0.0
41.0,,145441.0,3.0,14.0,1.0,1.0,1.0,0.0,0.0,0.0,0.0,50.0,0.0,1.0
31.0,2.0,74501.0,1.0,9.0,,4.0,4.0,,1.0,0.0,0.0,30.0,,
47.0,2.0,175958.0,10.0,,1.0,5.0,1.0,0.0,0.0,0.0,0.0,45.0,0.0,1.0
30.0,2.0,149368.0,1.0,9.0,2.0,5.0,4.0,0.0,0.0,,0.0,30.0,0.0,0.0
48.0,2.0,94461.0,1.0,9.0,6.0,,0.0,0.0,,,0.0,16.0,0.0,0.0
